PERIODO,KM,severidade_prevista,indice_risco
2026-10,61,4.453279592395963,10.0
2026-10,62,3.4836319548716754,9.977
2026-10,12,3.145440260578572,9.955
2026-10,98,2.990403821645243,9.932
2026-10,24,2.9798846045245555,9.909
2026-10,22,2.882818733156283,9.886
2026-10,20,2.6979121749181996,9.864
2026-10,60,2.689917730632707,9.841
2026-10,103,2.6461148105828727,9.818
2026-10,21,2.6414304050489448,9.795
2026-10,53,2.6403576042075874,9.773
2026-10,92,2.6188722377924516,9.75
2026-10,308,2.5789985169780967,9.727
2026-10,108,2.5334244101448182,9.705
2026-10,14,2.515137456092242,9.682
2026-10,13,2.511857616507999,9.659
2026-10,23,2.488776234973541,9.636
2026-10,107,2.428967502319091,9.614
2026-10,312,2.3704817979807116,9.591
2026-10,317,2.302733089144776,9.568
2026-10,26,2.3026046752769416,9.545
2026-10,309,2.300433819821001,9.523
2026-10,19,2.2961014333353535,9.5
2026-10,307,2.295817308018478,9.477
2026-10,314,2.285906508931732,9.455
2026-10,25,2.2761472718466425,9.432
2026-10,97,2.167035582799284,9.409
2026-10,318,2.121804466793673,9.386
2026-10,311,2.1095271471631363,9.364
2026-10,310,2.097079616285432,9.341
2026-10,104,2.091193052319826,9.318
2026-10,64,2.0253715558421486,9.295
2026-10,58,2.0153327856472543,9.273
2026-10,111,2.0017969277249663,9.25
2026-10,313,1.9703561951170474,9.227
2026-10,128,1.9435617877879725,9.205
2026-10,63,1.9326780498499243,9.182
2026-10,102,1.8790239458481794,9.159
2026-10,96,1.8738096020739476,9.136
2026-10,109,1.8603650284335016,9.114
2026-10,18,1.8515124474483695,9.091
2026-10,106,1.818185866947441,9.068
2026-10,315,1.7538524769919492,9.045
2026-10,105,1.7538303967835085,9.023
2026-10,11,1.6851141884296053,9.0
2026-10,115,1.6457152081000137,8.977
2026-10,36,1.6456834415312926,8.955
2026-10,110,1.5755417628663306,8.932
2026-10,76,1.5643320088001818,8.909
2026-10,17,1.5412631253804434,8.886
2026-10,138,1.5337805588652447,8.864
2026-10,59,1.5268175968755722,8.841
2026-10,72,1.5068785137725431,8.818
2026-10,114,1.5000800069535745,8.795
2026-10,125,1.4906570069125684,8.773
2026-10,142,1.4636702052369777,8.75
2026-10,15,1.4531190113414758,8.727
2026-10,56,1.4471017994036361,8.705
2026-10,38,1.4441494625402722,8.682
2026-10,126,1.439073116797301,8.659
2026-10,101,1.4289068508072176,8.636
2026-10,321,1.423726314536214,8.614
2026-10,89,1.419367993693315,8.591
2026-10,95,1.4186240469741507,8.568
2026-10,16,1.4148907644086453,8.545
2026-10,33,1.4144240854297099,8.523
2026-10,37,1.4112530088882684,8.5
2026-10,82,1.4083069897641978,8.477
2026-10,31,1.407020316194279,8.455
2026-10,50,1.404815319596905,8.432
2026-10,43,1.3942190580597225,8.409
2026-10,54,1.3744329403347484,8.386
2026-10,120,1.3585125569483945,8.364
2026-10,84,1.3534188828216656,8.341
2026-10,118,1.3434870100445502,8.318
2026-10,148,1.332001624355313,8.295
2026-10,112,1.3284819628812357,8.273
2026-10,91,1.3151941053090368,8.25
2026-10,124,1.301148122614145,8.227
2026-10,41,1.2626174598301807,8.205
2026-10,65,1.2586402303091786,8.182
2026-10,74,1.2529137041639162,8.159
2026-10,100,1.2410692811717288,8.136
2026-10,116,1.2354499899752514,8.114
2026-10,52,1.2288592718456486,8.091
2026-10,66,1.2033040612007242,8.068
2026-10,73,1.1885439658277397,8.045
2026-10,119,1.1874263750600165,8.023
2026-10,99,1.1811893285614576,8.0
2026-10,57,1.173625323629027,7.977
2026-10,30,1.1434645961057008,7.955
2026-10,32,1.1348004423133153,7.932
2026-10,86,1.134338922909255,7.909
2026-10,81,1.1270025490645619,7.886
2026-10,71,1.1149315553828354,7.864
2026-10,55,1.1101204656109425,7.841
2026-10,68,1.1080777473501524,7.818
2026-10,88,1.100909226697392,7.795
2026-10,67,1.092297965127746,7.773
2026-10,69,1.0889525327236151,7.75
2026-10,147,1.0887329379015522,7.727
2026-10,90,1.0864071162097972,7.705
2026-10,136,1.084294336390758,7.682
2026-10,131,1.0839647231122926,7.659
2026-10,132,1.0790298710633304,7.636
2026-10,75,1.0778551002280325,7.614
2026-10,83,1.0768357527114167,7.591
2026-10,150,1.0635152909163463,7.568
2026-10,301,1.0578829425131675,7.545
2026-10,78,1.0573221192875921,7.523
2026-10,51,1.0567578029594544,7.5
2026-10,29,1.0527490632751115,7.477
2026-10,134,1.0474232691720775,7.455
2026-10,117,1.0461465662341545,7.432
2026-10,48,1.0434821797554437,7.409
2026-10,46,1.040927389719145,7.386
2026-10,123,1.0367740717231673,7.364
2026-10,299,1.0337332569653024,7.341
2026-10,28,1.0329666923725747,7.318
2026-10,129,1.0306309091459533,7.295
2026-10,77,1.0301869954925431,7.273
2026-10,93,1.0269496778144322,7.25
2026-10,144,1.025753577706224,7.227
2026-10,122,1.023377281009288,7.205
2026-10,70,1.022412942891162,7.182
2026-10,34,1.0173611199605577,7.159
2026-10,182,0.9936023173611223,7.136
2026-10,94,0.9916344537458861,7.114
2026-10,130,0.9607946070550972,7.091
2026-10,35,0.9591144409067265,7.068
2026-10,180,0.9532394530948752,7.045
2026-10,42,0.9479384742109093,7.023
2026-10,139,0.941501718279577,7.0
2026-10,27,0.9359343900022319,6.977
2026-10,133,0.9353560991412958,6.955
2026-10,135,0.9338001984912975,6.932
2026-10,186,0.9257064364661641,6.909
2026-10,85,0.9234984827389199,6.886
2026-10,146,0.9135691774281629,6.864
2026-10,113,0.907803772965603,6.841
2026-10,121,0.9011217698196008,6.818
2026-10,127,0.8981371474569181,6.795
2026-10,40,0.8794811903301448,6.773
2026-10,170,0.8676440538495284,6.75
2026-10,298,0.8602516148960311,6.727
2026-10,164,0.8579908562140052,6.705
2026-10,87,0.8575420023501431,6.682
2026-10,241,0.8421631822933072,6.659
2026-10,44,0.8405899133616163,6.636
2026-10,137,0.8404718202257649,6.614
2026-10,141,0.8327076808840599,6.591
2026-10,143,0.8307233803443529,6.568
2026-10,161,0.8105020843924118,6.545
2026-10,140,0.806821063115757,6.523
2026-10,153,0.8058141970330425,6.5
2026-10,45,0.8054284784791765,6.477
2026-10,145,0.8031736238179544,6.455
2026-10,193,0.791381306845344,6.432
2026-10,80,0.7870305975705496,6.409
2026-10,49,0.7748884499873858,6.386
2026-10,39,0.7678145725909054,6.364
2026-10,79,0.7656209086878556,6.341
2026-10,176,0.7611689147595377,6.318
2026-10,316,0.7505045861839514,6.295
2026-10,152,0.7370284588475289,6.273
2026-10,47,0.7264184939938425,6.25
2026-10,149,0.7245470321369745,6.227
2026-10,319,0.7148897123096987,6.205
2026-10,326,0.714205907098522,6.182
2026-10,167,0.707871808146994,6.159
2026-10,151,0.6974680177273863,6.136
2026-10,190,0.6900639721833752,6.114
2026-10,324,0.6726222808589116,6.091
2026-10,290,0.65749098222041,6.068
2026-10,194,0.644334499970957,6.045
2026-10,168,0.6412332612408947,6.023
2026-10,238,0.6391585650223359,6.0
2026-10,320,0.6297258631176841,5.977
2026-10,189,0.6267554835766088,5.955
2026-10,184,0.6234263996416928,5.932
2026-10,155,0.6205979586372108,5.909
2026-10,325,0.61902361455459,5.886
2026-10,322,0.607852242512099,5.864
2026-10,188,0.6015741493419628,5.841
2026-10,175,0.5988512029208605,5.818
2026-10,197,0.5839762274745618,5.795
2026-10,157,0.5801288804664815,5.773
2026-10,201,0.5734286735101501,5.75
2026-10,244,0.5718153658019722,5.727
2026-10,192,0.570091031822972,5.705
2026-10,376,0.565600896017476,5.682
2026-10,205,0.5584568153468544,5.659
2026-10,156,0.5502347436368658,5.636
2026-10,196,0.5484524512510102,5.614
2026-10,291,0.5421608843822769,5.591
2026-10,232,0.5353573443239429,5.568
2026-10,169,0.5334741853880774,5.545
2026-10,195,0.532601333805913,5.523
2026-10,172,0.5321217214565511,5.5
2026-10,198,0.531387119255815,5.477
2026-10,236,0.5306643057783507,5.455
2026-10,213,0.5280289975554265,5.432
2026-10,295,0.522280014337201,5.409
2026-10,212,0.5207852402958971,5.386
2026-10,209,0.520692420247463,5.364
2026-10,296,0.5200553062475316,5.341
2026-10,202,0.5188232811959093,5.318
2026-10,248,0.5164201918987588,5.295
2026-10,289,0.5158517945532473,5.273
2026-10,242,0.5124409071539018,5.25
2026-10,297,0.5051931334081707,5.227
2026-10,246,0.4961855521317989,5.205
2026-10,154,0.4920630449546279,5.182
2026-10,220,0.4908050946326871,5.159
2026-10,199,0.4904248444713277,5.136
2026-10,327,0.47631853704518157,5.114
2026-10,159,0.47580924467059565,5.091
2026-10,302,0.47544834138211356,5.068
2026-10,208,0.4752552307260353,5.045
2026-10,200,0.4740184991046393,5.023
2026-10,162,0.4669771120020652,5.0
2026-10,215,0.4642082004076275,4.977
2026-10,233,0.4636104486703061,4.955
2026-10,191,0.4602075520638744,4.932
2026-10,303,0.4584229820376191,4.909
2026-10,304,0.45821197376802286,4.886
2026-10,247,0.45779266018613024,4.864
2026-10,183,0.45758798191569333,4.841
2026-10,228,0.45619267947237013,4.818
2026-10,231,0.45049569529525596,4.795
2026-10,226,0.4501259490756199,4.773
2026-10,158,0.44518840932326553,4.75
2026-10,306,0.44448003976293315,4.727
2026-10,166,0.44427027590600526,4.705
2026-10,185,0.43748111071190765,4.682
2026-10,204,0.43576150779191924,4.659
2026-10,210,0.43030811225973975,4.636
2026-10,400,0.42799465007657594,4.614
2026-10,165,0.42749680521668615,4.591
2026-10,181,0.4265281557900233,4.568
2026-10,163,0.42317254460934317,4.545
2026-10,206,0.416615619404798,4.523
2026-10,171,0.41623068024190735,4.5
2026-10,418,0.40878353699478104,4.477
2026-10,390,0.4076172355586993,4.455
2026-10,178,0.4068515418218041,4.432
2026-10,384,0.4068259313206915,4.409
2026-10,187,0.4040662297342796,4.386
2026-10,426,0.40109121549727417,4.364
2026-10,286,0.4010621701726352,4.341
2026-10,245,0.3999514899468935,4.318
2026-10,174,0.39975846083555305,4.295
2026-10,389,0.3994681207910127,4.273
2026-10,203,0.3966442524205272,4.25
2026-10,240,0.3957102597019109,4.227
2026-10,177,0.38992120370717587,4.205
2026-10,239,0.3892011224072815,4.182
2026-10,261,0.3863280065195005,4.159
2026-10,292,0.38594545665100677,4.136
2026-10,224,0.38577712374456996,4.114
2026-10,334,0.38347260340367945,4.091
2026-10,207,0.37876659737829277,4.068
2026-10,234,0.37492221055431,4.045
2026-10,328,0.3710510175604007,4.023
2026-10,398,0.3702771839742246,4.0
2026-10,323,0.3683222251445718,3.977
2026-10,173,0.367531520128714,3.955
2026-10,300,0.3656069312147833,3.932
2026-10,330,0.36514976275372235,3.909
2026-10,431,0.3651008446171524,3.886
2026-10,179,0.36442888800271056,3.864
2026-10,237,0.36187534476403854,3.841
2026-10,235,0.36128944561487414,3.818
2026-10,229,0.36113828558828653,3.795
2026-10,378,0.35963902349484805,3.773
2026-10,250,0.3581012114690503,3.75
2026-10,160,0.35643797007731715,3.727
2026-10,211,0.35008913938897707,3.705
2026-10,282,0.3496242055028907,3.682
2026-10,214,0.34791782760148593,3.659
2026-10,395,0.34765578950852244,3.636
2026-10,365,0.34722045158444415,3.614
2026-10,218,0.3445049795262925,3.591
2026-10,269,0.34427662177476825,3.568
2026-10,267,0.3428499403796822,3.534
2026-10,268,0.3428499403796822,3.534
2026-10,281,0.3409659269091165,3.5
2026-10,403,0.3358210131568856,3.477
2026-10,276,0.33476736196093265,3.455
2026-10,397,0.33208834531369297,3.432
2026-10,287,0.3293197848930184,3.409
2026-10,273,0.3284054004795208,3.386
2026-10,243,0.32757564414346263,3.364
2026-10,270,0.3254731077495709,3.341
2026-10,266,0.32468044369312976,3.318
2026-10,447,0.32443094968206815,3.295
2026-10,216,0.3205082239904896,3.273
2026-10,230,0.3202567648558318,3.25
2026-10,253,0.3198977958714877,3.227
2026-10,350,0.31715580536611265,3.205
2026-10,358,0.31570344448419063,3.182
2026-10,227,0.314626483101898,3.159
2026-10,271,0.3141123975823521,3.136
2026-10,332,0.31293130252310086,3.114
2026-10,219,0.3113338610546618,3.091
2026-10,280,0.3076829607009143,3.068
2026-10,284,0.3060845869862658,3.045
2026-10,294,0.3050616061639371,3.023
2026-10,217,0.30469702858329173,3.0
2026-10,258,0.30404231201051807,2.977
2026-10,225,0.3031568164899128,2.955
2026-10,373,0.3030595883742766,2.932
2026-10,442,0.302616305940409,2.909
2026-10,274,0.30139990010293966,2.886
2026-10,388,0.30119476264202066,2.864
2026-10,340,0.3010955687717598,2.841
2026-10,352,0.2989010849311533,2.818
2026-10,342,0.2985080505742676,2.795
2026-10,440,0.2982932119918621,2.773
2026-10,364,0.29603248823319406,2.75
2026-10,380,0.29427739260377916,2.727
2026-10,285,0.2942736830695367,2.705
2026-10,221,0.2941731680672787,2.682
2026-10,386,0.293712598796932,2.659
2026-10,265,0.2933467386029445,2.636
2026-10,361,0.29121092839495427,2.614
2026-10,257,0.29088662256691944,2.591
2026-10,410,0.2906831241029383,2.568
2026-10,349,0.28978699651254114,2.545
2026-10,278,0.28674357595570726,2.523
2026-10,409,0.2866390242328665,2.5
2026-10,256,0.28623523018461416,2.477
2026-10,333,0.28504850079204747,2.455
2026-10,249,0.2844856757323231,2.432
2026-10,445,0.28421257184389853,2.409
2026-10,405,0.2841477543848495,2.386
2026-10,345,0.2838582207026531,2.364
2026-10,394,0.28326659747801214,2.341
2026-10,439,0.28236074891837976,2.318
2026-10,396,0.28109915441382993,2.295
2026-10,353,0.2787906722990154,2.273
2026-10,422,0.2787405422035303,2.25
2026-10,331,0.27745113063179133,2.227
2026-10,305,0.276054932131829,2.205
2026-10,371,0.2741847844892048,2.182
2026-10,424,0.2731351664240498,2.159
2026-10,344,0.2731226936259656,2.136
2026-10,254,0.2725134783993285,2.114
2026-10,263,0.272325135457152,2.091
2026-10,251,0.27167675686446763,2.068
2026-10,381,0.26968219607113525,2.045
2026-10,391,0.2689799629549815,2.023
2026-10,275,0.266872053018747,2.0
2026-10,360,0.2668319033581181,1.977
2026-10,283,0.2664046712849062,1.955
2026-10,383,0.26591839881467694,1.932
2026-10,222,0.2658533458085376,1.898
2026-10,223,0.2658533458085376,1.898
2026-10,362,0.265642453562036,1.864
2026-10,379,0.2648872987691395,1.841
2026-10,401,0.2647313805356146,1.818
2026-10,277,0.26389056691917717,1.795
2026-10,262,0.2610033817978339,1.773
2026-10,448,0.2606275721455807,1.75
2026-10,406,0.2598294315164464,1.727
2026-10,357,0.25969239265608435,1.705
2026-10,411,0.25836972210799114,1.682
2026-10,252,0.2578054487825969,1.659
2026-10,335,0.25752484361774347,1.636
2026-10,255,0.25619345488622874,1.614
2026-10,272,0.25596859134230093,1.591
2026-10,366,0.25434923380222796,1.568
2026-10,259,0.25369349975859373,1.545
2026-10,415,0.2535264082265112,1.523
2026-10,293,0.25275129960758347,1.5
2026-10,382,0.2525487910255338,1.477
2026-10,435,0.25190323381904617,1.455
2026-10,370,0.25188008392401917,1.432
2026-10,329,0.25180556428571843,1.409
2026-10,438,0.25165999261759264,1.386
2026-10,377,0.25164932261095785,1.364
2026-10,279,0.2513408674188927,1.341
2026-10,419,0.2513300532328422,1.307
2026-10,425,0.2513300532328422,1.307
2026-10,264,0.2513225906905967,1.273
2026-10,450,0.2510948161369882,1.25
2026-10,399,0.2506223944448002,1.216
2026-10,402,0.2506223944448002,1.216
2026-10,374,0.25049535014493196,1.17
2026-10,375,0.25049535014493196,1.17
2026-10,385,0.2501121201592941,1.136
2026-10,355,0.24841285760342088,1.114
2026-10,348,0.24817932030356357,1.091
2026-10,260,0.24700625198159337,1.068
2026-10,372,0.2464281256741154,1.045
2026-10,288,0.24230104248995687,1.023
2026-10,337,0.2333057538571494,1.0
2026-10,346,0.2332490482903632,0.977
2026-10,417,0.23088550799782095,0.955
2026-10,338,0.23046235451809707,0.92
2026-10,339,0.23046235451809707,0.92
2026-10,408,0.22974559536719774,0.875
2026-10,413,0.22974559536719774,0.875
2026-10,392,0.22950137078363972,0.83
2026-10,393,0.22950137078363972,0.83
2026-10,416,0.22935772547649771,0.784
2026-10,420,0.22935772547649771,0.784
2026-10,427,0.2286641367495937,0.75
2026-10,436,0.2285148155752415,0.727
2026-10,421,0.22799780944360137,0.705
2026-10,441,0.22617861537186035,0.67
2026-10,433,0.22617861537186035,0.67
2026-10,414,0.22463361466719223,0.636
2026-10,336,0.224059829733902,0.614
2026-10,363,0.22309390571217919,0.591
2026-10,428,0.22236090850999882,0.568
2026-10,404,0.2213437168139146,0.545
2026-10,437,0.22106663467185483,0.511
2026-10,434,0.22106663467185483,0.511
2026-10,387,0.22098205794294054,0.477
2026-10,343,0.21945431506289523,0.455
2026-10,351,0.21858919181405106,0.42
2026-10,347,0.21858919181405106,0.42
2026-10,354,0.21800278206756463,0.386
2026-10,432,0.2177767368185772,0.33
2026-10,443,0.2177767368185772,0.33
2026-10,444,0.2177767368185772,0.33
2026-10,446,0.2177767368185772,0.33
2026-10,368,0.21016130068474542,0.25
2026-10,369,0.21016130068474542,0.25
2026-10,367,0.21016130068474542,0.25
2026-10,412,0.20982277387008794,0.193
2026-10,407,0.20982277387008794,0.193
2026-10,356,0.2096544824114654,0.148
2026-10,359,0.2096544824114654,0.148
2026-10,430,0.209437907923284,0.102
2026-10,429,0.209437907923284,0.102
2026-10,423,0.20903592368979512,0.068
2026-10,449,0.20814868737281292,0.045
2026-10,341,0.20732314597920584,0.023
