CODIGO,LOTE,RESPONSÁVEL,STATUS,RODOVIA,SENTIDO,KM INICIAL,KM FINAL,EXTENSÃO,NOME DA CICLOVIA,MUNICÍPIO,LOCAL,TIPO DA PROTEÇÃO,TIPO DE SINALIZAÇÃO,TIPO DE ILUMINAÇÃO,PONTO DE APOIO,OBSERVAÇÃO
1,07,ROTA DAS BANDEIRAS,IMPLANTADA,SP 063,OESTE,0.000,2.300,2.300,,LOUVEIRA,RODOVIA,BARREIRA DE CONCRETO,HORIZONTAL E VERTICAL,POSTE,NÃO TEM,"IMPLANTADA PARA ATENDIMENTO AOS USUÁRIOS LOCAIS (TRAJETO CASA-TRABALHO), NÃO ESPECIFICAMENTE PARA O LAZER."
2,00,DAEE (Parque Ecológico do Tietê),IMPLANTADA,SP 070,LESTE,12.000,17.550,5.550,,SÃO PAULO,CANTEIRO LATERAL,NÃO TEM,HORIZONTAL E VERTICAL,NÃO TEM,NÃO TEM,ENTRE VIA LOCAL E CICLOVIA - DENTRO DA FAIXA DE DOMÍNIO DA ECOPISTAS
3,00,DAEE (Parque Ecológico do Tietê),IMPLANTADA,SP 070,OESTE,12.200,13.750,1.550,,SÃO PAULO,CANTEIRO LATERAL,NÃO TEM,HORIZONTAL E VERTICAL,NÃO TEM,NÃO TEM,ENTRE VIA LOCAL E CICLOVIA - DENTRO DA FAIXA DE DOMÍNIO DA ECOPISTAS
4,00,DAEE (Parque Ecológico do Tietê),IMPLANTADA,SP 070,OESTE,13.750,16.750,3.000,,SÃO PAULO,CANTEIRO LATERAL,DEFENSA METÁLICA,HORIZONTAL E VERTICAL,NÃO TEM,NÃO TEM,DENTRO DA FAIXA DE DOMÍNIO DA ECOPISTAS
5,00,DAEE (Parque Ecológico do Tietê),IMPLANTADA,SP 070,OESTE,16.750,18.130,1.380,,SÃO PAULO,CANTEIRO LATERAL,NÃO TEM,HORIZONTAL E VERTICAL,NÃO TEM,NÃO TEM,ENTRE VIA LOCAL E CICLOVIA - DENTRO DA FAIXA DE DOMÍNIO DA ECOPISTAS
6,00,DAEE (Parque Ecológico do Tietê),IMPLANTADA,SP 070,LESTE,17.550,18.200,0.650,,SÃO PAULO,CANTEIRO LATERAL,DEFENSA METÁLICA,HORIZONTAL E VERTICAL,NÃO TEM,NÃO TEM,DENTRO DA FAIXA DE DOMÍNIO DA ECOPISTAS
7,00,DAEE (Parque Ecológico do Tietê),IMPLANTADA,SP 070,LESTE,19.700,19.800,0.100,,GUARULHOS,CANTEIRO LATERAL,DEFENSA METÁLICA,HORIZONTAL E VERTICAL,NÃO TEM,NÃO TEM,DENTRO DA FAIXA DE DOMÍNIO DA ECOPISTAS
8,00,DAEE (Parque Ecológico do Tietê),IMPLANTADA,SP 070,LESTE,19.800,19.840,0.040,,GUARULHOS,PONTE,BARREIRA DE CONCRETO,HORIZONTAL E VERTICAL,NÃO TEM,NÃO TEM,DENTRO DA FAIXA DE DOMÍNIO DA ECOPISTAS
9,00,DAEE (Parque Ecológico do Tietê),IMPLANTADA,SP 070,LESTE,19.840,25.000,5.160,,GUARULHOS,CANTEIRO LATERAL,DEFENSA METÁLICA,HORIZONTAL E VERTICAL,NÃO TEM,NÃO TEM,DENTRO DA FAIXA DE DOMÍNIO DA ECOPISTAS
10,00,DAEE (Parque Ecológico do Tietê),IMPLANTADA,SP 070,LESTE,25.000,25.200,0.200,,GUARULHOS,CANTEIRO LATERAL,NÃO TEM,HORIZONTAL E VERTICAL,NÃO TEM,NÃO TEM,CICLOVIA ESTÁ NA CRISTA DE UM TALUDE DE CORTE - DENTRO DA FAIXA DE DOMÍNIO DA ECOPISTAS
11,27,TAMOIOS,IMPLANTADA,SP 099,SUL,28.950,31.500,2.550,,PARAIBUNA,CANTEIRO LATERAL,BARREIRA DE CONCRETO,HORIZONTAL E VERTICAL,NÃO TEM,NÃO TEM,
12,27,TAMOIOS,IMPLANTADA,SP 099,SUL,31.500,32.050,0.550,,PARAIBUNA,CANTEIRO LATERAL,BARREIRA DE CONCRETO,HORIZONTAL E VERTICAL,ILUMINAÇÃO PÚBLICA,NÃO TEM,
13,27,TAMOIOS,IMPLANTADA,SP 099,NORTE,35.700,36.530,0.830,,PARAIBUNA,CANTEIRO LATERAL,NÃO TEM,HORIZONTAL E VERTICAL,ILUMINAÇÃO PÚBLICA,NÃO TEM,
14,27,TAMOIOS,IMPLANTADA,SP 099,NORTE,36.530,36.780,0.250,,PARAIBUNA,CANTEIRO LATERAL,BARREIRA DE CONCRETO E DEFENSA METÁLICA,HORIZONTAL E VERTICAL,NÃO TEM,NÃO TEM,
15,27,TAMOIOS,IMPLANTADA,SP 099,NORTE,36.780,38.100,1.320,,PARAIBUNA,CANTEIRO LATERAL,BARREIRA DE CONCRETO,HORIZONTAL E VERTICAL,NÃO TEM,NÃO TEM,
16,27,TAMOIOS,IMPLANTADA,SP 099,SUL,81.190,83.400,2.210,,CARAGUATATUBA,CANTEIRO LATERAL,NÃO TEM,HORIZONTAL E VERTICAL,ILUMINAÇÃO PÚBLICA,NÃO TEM,
17,13,COLINAS,IMPLANTADA,SP 127,SUL,0.000,1.000,1.000,,RIO CLARO,ACOSTAMENTO,NÃO TEM,HORIZONTAL E VERTICAL,POSTE,NÃO TEM,CICLOVIA NA ENTRADA DO MUNICIPIO COM OBJETIVO DE INTERLIGAR OS BAIRROS QUE FICAM AS MARGENS DA SP127 COM A REGIÃO CENTRAL (ROTA DE TRABALHADORES E ESTUDANTES)
18,00,TRANSPETRO,IMPLANTADA,SP 150,NORTE,59.150,60.550,1.400,,CUBATÃO,CANTEIRO LATERAL,NÃO TEM,HORIZONTAL E VERTICAL,POSTE,NÃO TEM,DENTRO DA FAIXA DE DOMÍNIO DA ECOVIAS
19,22,ECOVIAS ,IMPLANTADA,SP 150,SUL,60.100,61.700,1.600,,CUBATÃO,CANTEIRO LATERAL,BARREIRA DE CONCRETO,HORIZONTAL E VERTICAL,POSTE,NÃO TEM,
20,22,ECOVIAS ,IMPLANTADA,SP 150,SUL,61.700,65.000,3.300,,SANTOS ,CANTEIRO LATERAL,BARREIRA DE CONCRETO,HORIZONTAL E VERTICAL,POSTE,NÃO TEM,
21,22,ECOVIAS,IMPLANTADA,SP 160,NORTE,37.000,44.500,7.500,ROTA MÁRCIA PRADO,SÃO BERNARDO DO CAMPO,NÃO INFORMADO,NÃO INFORMADO,NÃO INFORMADO,NÃO INFORMADO,NÃO INFORMADO,
22,22,ECOVIAS ,IMPLANTADA,SP 160,SUL,62.550,64.900,2.350,,SÃO VICENTE,CANTEIRO LATERAL,DEFENSA METÁLICA,HORIZONTAL E VERTICAL,NÃO TEM,NÃO TEM,
23,22,ECOVIAS ,IMPLANTADA,SP 160,NORTE,62.950,64.600,1.650,,SÃO VICENTE,CANTEIRO LATERAL,DEFENSA METÁLICA,HORIZONTAL E VERTICAL,NÃO TEM,NÃO TEM,
24,29,VIAPAULISTA,EM PROJETO,SP 249,NORTE,156.300,158.400,2.100,,TAQUARITUBA,CANTEIRO LATERAL,EM PROJETO,EM PROJETO,EM PROJETO,EM PROJETO,OBRIGAÇÃO CONTRATUAL (POI) - CONCLUSÃO PREVISTA PARA 2027 (ANO 10)
25,29,VIAPAULISTA,EM PROJETO,SP 255,SUL,172.900,174.300,1.400,,BARRA BONITA,CANTEIRO LATERAL,EM PROJETO,EM PROJETO,EM PROJETO,EM PROJETO,OBRIGAÇÃO CONTRATUAL (POI) - CONCLUSÃO PREVISTA PARA 2023 (ANO 5)
26,29,VIAPAULISTA,EM PROJETO,SP 255,SUL,174.300,177.800,3.500,,BARRA BONITA,CANTEIRO LATERAL,EM PROJETO,EM PROJETO,EM PROJETO,EM PROJETO,OBRIGAÇÃO CONTRATUAL (POI) - CONCLUSÃO PREVISTA PARA 2023 (ANO 5)
27,29,VIAPAULISTA,EM PROJETO,SP 255,SUL,177.800,179.900,2.100,,IGARAÇU DO TIETÊ,CANTEIRO LATERAL,EM PROJETO,EM PROJETO,EM PROJETO,EM PROJETO,OBRIGAÇÃO CONTRATUAL (POI) - CONCLUSÃO PREVISTA PARA 2023 (ANO 5)
28,29,VIAPAULISTA,EM PROJETO,SP 255,NORTE,296.800,297.240,0.440,,ITAÍ,CANTEIRO LATERAL,EM PROJETO,EM PROJETO,EM PROJETO,EM PROJETO,OBRIGAÇÃO CONTRATUAL (POI) - CONCLUSÃO PREVISTA PARA 2025 (ANO 8)
29,29,VIAPAULISTA,EM PROJETO,SP 255,NORTE,297.260,300.900,3.640,,ITAÍ,CANTEIRO LATERAL,EM PROJETO,EM PROJETO,EM PROJETO,EM PROJETO,OBRIGAÇÃO CONTRATUAL (POI) - CONCLUSÃO PREVISTA PARA 2025 (ANO 8)
30,29,VIAPAULISTA,EM PROJETO,SP 255,NORTE,318.700,322.100,3.400,,TAQUARITUBA,CANTEIRO LATERAL,EM PROJETO,EM PROJETO,EM PROJETO,EM PROJETO,OBRIGAÇÃO CONTRATUAL (POI) - CONCLUSÃO PREVISTA PARA 2027 (ANO 10)
31,00,PREFEITURA,IMPLANTADA,SP 270,LESTE,568.800,569.150,0.350,,PRESIDENTE PRUDENTE,MARGINAL MUNICIPAL,CERCA DELIMITADORA DA FAIXA DE DOMÍNIO,HORIZONTAL E VERTICAL,POSTE,NÃO TEM,CICLOVIA MUNICIPAL - FORA DA FAIXA DE DOMÍNIO DA CART
32,30,EIXO[SP],IMPLANTADA,SP 294,OESTE,480.900,481.500,0.600,,POMPÉIA,CANTEIRO LATERAL,NÃO TEM,NÃO TEM,POSTE,NÃO TEM,
33,00,PREFEITURA,IMPLANTADA,SP 300,LESTE,102.600,103.000,0.400,,ITU,CANTEIRO LATERAL,DEFENSA METÁLICA,HORIZONTAL,POSTE,NÃO TEM,PEQUENA CICLOVIA NA ENTRADA DO MUNICIPIO COM OBJETIVO DE INTERLIGAR A ESTRADA PARQUE DE ITU (ROTA DE CICLISTAS) - FORA DO TRECHO DE CONCESSÃO DA COLINAS
34,28,ENTREVIAS,IMPLANTADA,SP 322,OESTE,315.800,316.700,0.900,,RIBEIRÃO PRETO,CANTEIRO LATERAL,NÃO TEM,HORIZONTAL E VERTICAL,POSTE,NÃO TEM,PRÓXIMO AO RAMO 200 DO SPD 316/322
35,28,ENTREVIAS,IMPLANTADA,SP 322,OESTE,331.900,333.100,1.200,,SERTÃOZINHO,CANTEIRO LATERAL,NÃO TEM,HORIZONTAL E VERTICAL,POSTE,NÃO TEM,PRÓXIMO A ESTRADA ATILIO BALBO
36,01,AUTOBAN,IMPLANTADA,SP 330,NÃO SE APLICA,56.000,,1.070,,JUNDIAÍ,TREVO,BARREIRA DE CONCRETO,HORIZONTAL E VERTICAL,POSTE METÁLICO COM LUMINÁRIA,NÃO TEM,CICLOVIA INTERLIGADA COM O VIÁRIO MUNICIPAL E COM CICLOVIA MUNICIPAL (AV. NOVE DE JULHO)
37,01,AUTOBAN,IMPLANTADA,SP 330,NÃO SE APLICA,59.000,,1.100,,JUNDIAÍ,VIADUTO,BARREIRA DE CONCRETO,HORIZONTAL E VERTICAL,POSTE METÁLICO COM LUMINÁRIA,NÃO TEM,CICLOVIA INTERLIGADA COM O VIÁRIO MUNICIPAL
38,29,VIAPAULISTA,EM PROJETO,SP 345,OESTE,20.400,25.500,5.100,,PATROCÍNIO PAULISTA,CANTEIRO LATERAL,EM PROJETO,EM PROJETO,EM PROJETO,EM PROJETO,OBRIGAÇÃO CONTRATUAL (POI) - CONCLUSÃO PREVISTA PARA 2027 (ANO 10)
39,29,VIAPAULISTA,EM PROJETO,SP 345,OESTE,25.500,32.900,7.400,,FRANCA,CANTEIRO LATERAL,EM PROJETO,EM PROJETO,EM PROJETO,EM PROJETO,OBRIGAÇÃO CONTRATUAL (POI) - CONCLUSÃO PREVISTA PARA 2027 (ANO 10)
40,01,AUTOBAN,EM PROJETO,SP 348,NORTE,13.800,28.270,14.470,,SÃO PAULO,CANTEIRO LATERAL / CANTEIRO CENTRAL,EM PROJETO,EM PROJETO,EM PROJETO,EM PROJETO,AGUARDA DESENVOLVIMENTO PROJETO EXECUTIVO
41,01,AUTOBAN,EM PROJETO,SP 348,NORTE,28.270,37.790,9.520,,CAIEIRAS,CANTEIRO LATERAL / CANTEIRO CENTRAL,EM PROJETO,EM PROJETO,EM PROJETO,EM PROJETO,AGUARDA DESENVOLVIMENTO PROJETO EXECUTIVO
42,01,AUTOBAN,EM PROJETO,SP 348,NORTE,37.790,38.320,0.530,,CAJAMAR,CANTEIRO LATERAL / CANTEIRO CENTRAL,EM PROJETO,EM PROJETO,EM PROJETO,EM PROJETO,AGUARDA DESENVOLVIMENTO PROJETO EXECUTIVO
43,01,AUTOBAN,EM PROJETO,SP 348,NORTE,38.320,41.550,3.230,,FRANCO DA ROCHA,CANTEIRO LATERAL / CANTEIRO CENTRAL,EM PROJETO,EM PROJETO,EM PROJETO,EM PROJETO,AGUARDA DESENVOLVIMENTO PROJETO EXECUTIVO
44,01,AUTOBAN,EM PROJETO,SP 348,NORTE,41.550,42.770,1.220,,CAJAMAR,CANTEIRO LATERAL / CANTEIRO CENTRAL,EM PROJETO,EM PROJETO,EM PROJETO,EM PROJETO,AGUARDA DESENVOLVIMENTO PROJETO EXECUTIVO
45,01,AUTOBAN,EM PROJETO,SP 348,NORTE,42.770,43.320,0.550,,FRANCO DA ROCHA,CANTEIRO LATERAL / CANTEIRO CENTRAL,EM PROJETO,EM PROJETO,EM PROJETO,EM PROJETO,AGUARDA DESENVOLVIMENTO PROJETO EXECUTIVO
46,01,AUTOBAN,EM PROJETO,SP 348,NORTE,43.320,44.378,1.058,,CAJAMAR,CANTEIRO LATERAL / CANTEIRO CENTRAL,EM PROJETO,EM PROJETO,EM PROJETO,EM PROJETO,AGUARDA DESENVOLVIMENTO PROJETO EXECUTIVO
47,01,AUTOBAN,EM PROJETO,SP 348,NORTE,44.378,69.200,24.822,,JUNDIAÍ,CANTEIRO LATERAL / CANTEIRO CENTRAL,EM PROJETO,EM PROJETO,EM PROJETO,EM PROJETO,AGUARDA DESENVOLVIMENTO PROJETO EXECUTIVO
48,01,AUTOBAN,EM PROJETO,SP 348,NORTE,69.200,69.830,0.630,,LOUVEIRA,CANTEIRO LATERAL / CANTEIRO CENTRAL,EM PROJETO,EM PROJETO,EM PROJETO,EM PROJETO,AGUARDA DESENVOLVIMENTO PROJETO EXECUTIVO
49,01,AUTOBAN,EM PROJETO,SP 348,NORTE,69.830,70.520,0.690,,VINHEDO,CANTEIRO LATERAL / CANTEIRO CENTRAL,EM PROJETO,EM PROJETO,EM PROJETO,EM PROJETO,AGUARDA DESENVOLVIMENTO PROJETO EXECUTIVO
50,01,AUTOBAN,EM PROJETO,SP 348,NORTE,70.520,71.000,0.480,,ITUPEVA,CANTEIRO LATERAL / CANTEIRO CENTRAL,EM PROJETO,EM PROJETO,EM PROJETO,EM PROJETO,AGUARDA DESENVOLVIMENTO PROJETO EXECUTIVO
51,29,VIAPAULISTA,EM PROJETO,SPA 020/345,NORTE,0.000,2.100,2.100,,PATROCÍNIO PAULISTA,CANTEIRO LATERAL,EM PROJETO,EM PROJETO,EM PROJETO,EM PROJETO,OBRIGAÇÃO CONTRATUAL (POI) - CONCLUSÃO PREVISTA PARA 2027 (ANO 10)
52,21,RODOVIAS DO TIETÊ,IMPLANTADA,SPA 032/101,NORTE,0.000,6.200,6.200,,ELIAS FAUSTO,RODOVIA,BALIZADOR/VIA DE ACESSO,NÃO TEM,POSTE,NÃO TEM,
53,29,VIAPAULISTA,EM PROJETO,SPA 043/281,OESTE,0.000,2.900,2.900,,RIVERSUL,CANTEIRO LATERAL,EM PROJETO,EM PROJETO,EM PROJETO,EM PROJETO,OBRIGAÇÃO CONTRATUAL (POI) - CONCLUSÃO PREVISTA PARA 2027 (ANO 10)
54,21,RODOVIAS DO TIETÊ,IMPLANTADA,SPA 051/101,NORTE,0.000,1.900,1.900,,RAFARD,RODOVIA,BALIZADOR/VIA DE ACESSO,VERTICAL,POSTE,NÃO TEM,
55,29,VIAPAULISTA,EM PROJETO,SPA 051/255,LESTE,0.000,7.400,7.400,,RINCÃO,CANTEIRO LATERAL,EM PROJETO,EM PROJETO,EM PROJETO,EM PROJETO,OBRIGAÇÃO CONTRATUAL (POI) - CONCLUSÃO PREVISTA PARA 2027 (ANO 10)
56,29,VIAPAULISTA,EM PROJETO,SPA 074/255,OESTE,0.000,4.400,4.400,,ARARAQUARA,CANTEIRO LATERAL,EM PROJETO,EM PROJETO,EM PROJETO,EM PROJETO,OBRIGAÇÃO CONTRATUAL (POI) - CONCLUSÃO PREVISTA PARA 2027 (ANO 10)
57,29,VIAPAULISTA,IMPLANTADA,SPA 077/255,OESTE,1.300,2.200,0.900,,ARARAQUARA,CANTEIRO LATERAL,NÃO TEM,HORIZONTAL,POSTE,NÃO TEM,
58,29,VIAPAULISTA,IMPLANTADA,SPA 085/255,SUL,0.000,1.000,1.000,,ARARAQUARA,CANTEIRO LATERAL,NÃO TEM,HORIZONTAL,POSTE,NÃO TEM,
59,29,VIAPAULISTA,EM PROJETO,SPA 112/255,LESTE,0.000,1.000,1.000,,BOA ESPERANÇA DO SUL,CANTEIRO LATERAL,EM PROJETO,EM PROJETO,EM PROJETO,EM PROJETO,OBRIGAÇÃO CONTRATUAL (POI) - CONCLUSÃO PREVISTA PARA 2027 (ANO 10)
60,29,VIAPAULISTA,EM PROJETO,SPA 114/255,OESTE,0.000,1.000,1.000,,BOA ESPERANÇA DO SUL,CANTEIRO LATERAL,EM PROJETO,EM PROJETO,EM PROJETO,EM PROJETO,OBRIGAÇÃO CONTRATUAL (POI) - CONCLUSÃO PREVISTA PARA 2027 (ANO 10)
61,29,VIAPAULISTA,EM PROJETO,SPA 115/255,OESTE,0.000,7.000,7.000,,BOA ESPERANÇA DO SUL,CANTEIRO LATERAL,EM PROJETO,EM PROJETO,EM PROJETO,EM PROJETO,OBRIGAÇÃO CONTRATUAL (POI) - CONCLUSÃO PREVISTA PARA 2027 (ANO 10)
62,29,VIAPAULISTA,EM PROJETO,SPA 138/255,OESTE,0.000,4.600,4.600,,BOCAINA,CANTEIRO LATERAL,EM PROJETO,EM PROJETO,EM PROJETO,EM PROJETO,OBRIGAÇÃO CONTRATUAL (POI) - CONCLUSÃO PREVISTA PARA 2027 (ANO 10)
63,30,EIXO[SP],IMPLANTADA,SPA 195/304,LESTE,2.400,3.000,0.600,,ÁGUAS DE SÃO PEDRO,CANTEIRO LATERAL,NÃO TEM,NÃO TEM,POSTE,NÃO TEM,
64,30,EIXO[SP],IMPLANTADA,SPA 200/310,OESTE,9.400,10.000,0.600,,ITIRAPINA,URBANO,NÃO TEM,NÃO TEM,POSTE,NÃO TEM,
65,29,VIAPAULISTA,EM PROJETO,SPA 214/255,NORTE,0.000,0.500,0.500,,PRATÂNIA,CANTEIRO LATERAL,EM PROJETO,EM PROJETO,EM PROJETO,EM PROJETO,OBRIGAÇÃO CONTRATUAL (POI) - CONCLUSÃO PREVISTA PARA 2027 (ANO 10)
66,30,EIXO[SP],IMPLANTADA,SPA 223/304,OESTE,1.130,1.380,0.250,,SANTA MARIA DA SERRA,URBANO,NÃO TEM,NÃO TEM,POSTE,NÃO TEM,
67,30,EIXO[SP],IMPLANTADA,SPA 228/225,OESTE,1.700,3.175,1.475,,BAURU,CANTEIRO LATERAL,DEFENSA METÁLICA,NÃO TEM,POSTE,NÃO TEM,
68,21,RODOVIAS DO TIETÊ,EM PROJETO,SPA 241/300,NORTE,7.400,11.100,3.700,,BOTUCATU,EM PROJETO,EM PROJETO,EM PROJETO,EM PROJETO,EM PROJETO,PROJETO PARA IMPLANTAÇÃO DA REFERIDA CICLOVIA AINDA ESTÁ SOB ANÁLISE DA ARTESP
69,22,ECOVIAS ,IMPLANTADA,SPA 248/055,LESTE,3.000,8.000,5.000,,GUARUJÁ,CANTEIRO LATERAL,DEFENSA METÁLICA,PARCIAL,POSTE,NÃO TEM,
70,22,ECOVIAS ,IMPLANTADA,SPA 248/055,OESTE,5.800,7.700,1.900,,GUARUJÁ,CANTEIRO LATERAL,DEFENSA METÁLICA,PARCIAL,NÃO TEM,NÃO TEM,
71,29,VIAPAULISTA,EM PROJETO,SPA 338/255,LESTE,0.000,0.700,0.700,,CORONEL MACEDO,CANTEIRO LATERAL,EM PROJETO,EM PROJETO,EM PROJETO,EM PROJETO,OBRIGAÇÃO CONTRATUAL (POI) - CONCLUSÃO PREVISTA PARA 2027 (ANO 10)
72,29,VIAPAULISTA,EM PROJETO,SPA 397/334,SUL,2.400,4.470,2.070,,FRANCA,CANTEIRO LATERAL,EM PROJETO,EM PROJETO,EM PROJETO,EM PROJETO,OBRIGAÇÃO CONTRATUAL (POI) - CONCLUSÃO PREVISTA PARA 2027 (ANO 10)
73,29,VIAPAULISTA,EM PROJETO,SPA 397/334,SUL,4.470,9.800,5.330,,RESTINGA,CANTEIRO LATERAL,EM PROJETO,EM PROJETO,EM PROJETO,EM PROJETO,OBRIGAÇÃO CONTRATUAL (POI) - CONCLUSÃO PREVISTA PARA 2027 (ANO 10)
74,30,EIXO[SP],IMPLANTADA,SPA 420/294,NORTE,1.200,1.600,0.400,,GARÇA,CANTEIRO CENTRAL,NÃO TEM,NÃO TEM,POSTE,NÃO TEM,
75,30,EIXO[SP],IMPLANTADA,SPA 570/294,NORTE,0.800,2.352,1.552,,OSVALDO CRUZ,MARGINAL,NÃO TEM,NÃO TEM,POSTE,NÃO TEM,
76,30,EIXO[SP],IMPLANTADA,SPA 683/294,NORTE,0.400,1.780,1.380,,PAULICÉIA,CANTEIRO LATERAL,NÃO TEM,NÃO TEM,POSTE,NÃO TEM,
77,22,ECOVIAS ,IMPLANTADA,SPI 059/150,LESTE,1.050,1.200,0.150,,CUBATÃO,CANTEIRO LATERAL,DEFENSA METÁLICA,HORIZONTAL E VERTICAL,POSTE,NÃO TEM,
78,30,EIXO[SP],IMPLANTADA,SPI 083/191,OESTE,9.200,9.880,0.680,,IPEÚNA,CANTEIRO LATERAL,NÃO TEM,NÃO TEM,POSTE,NÃO TEM,
79,29,PREFEITURA,IMPLANTADA,SPI 274/310,OESTE,0.500,1.800,1.300,,ARARAQUARA,CANTEIRO LATERAL,BARREIRA DE CONCRETO E DEFENSA METÁLICA,HORIZONTAL,NÃO TEM,NÃO TEM,
