DATA,HORA,CHUVA,VENTO,RAJADA,CODIGO_TEMPO
2020-01-01,2020-01-01T09:00,0.0,9.4,22.0,3
2020-01-01,2020-01-01T11:00,0.2,13.2,32.4,51
2020-01-01,2020-01-01T14:00,0.0,8.0,27.4,2
2020-01-01,2020-01-01T18:00,3.9,7.6,39.2,63
2020-01-01,2020-01-01T18:00,0.0,2.6,14.8,3
2020-01-01,2020-01-01T22:00,3.3,7.7,16.2,63
2020-01-02,2020-01-02T05:00,0.0,4.0,5.8,3
2020-01-02,2020-01-02T05:00,0.0,4.5,7.9,3
2020-01-02,2020-01-02T12:00,0.5,14.2,30.2,53
2020-01-02,2020-01-02T14:00,0.4,12.7,29.9,51
2020-01-02,2020-01-02T14:00,5.8,9.8,28.8,63
2020-01-02,2020-01-02T17:00,1.8,5.6,27.0,61
2020-01-02,2020-01-02T17:00,1.0,3.2,22.3,55
2020-01-02,2020-01-02T18:00,0.2,4.3,11.2,51
2020-01-02,2020-01-02T21:00,0.4,4.9,13.3,51
2020-01-02,2020-01-02T22:00,0.8,4.8,9.7,53
2020-01-02,2020-01-02T22:00,2.7,3.8,6.8,63
2020-01-02,2020-01-02T23:00,3.0,5.9,11.9,63
2020-01-03,2020-01-03T00:00,2.7,3.3,9.0,63
2020-01-03,2020-01-03T00:00,2.7,6.0,13.0,63
2020-01-03,2020-01-03T02:00,1.0,2.6,9.0,55
2020-01-03,2020-01-03T06:00,0.0,12.6,27.4,3
2020-01-03,2020-01-03T11:00,0.2,6.3,16.6,51
2020-01-03,2020-01-03T14:00,0.1,15.0,32.8,51
2020-01-03,2020-01-03T17:00,0.4,21.0,38.5,51
2020-01-03,2020-01-03T21:00,0.0,10.0,13.7,3
2020-01-03,2020-01-03T21:00,0.0,10.0,13.7,3
2020-01-03,2020-01-03T21:00,0.3,4.3,17.6,51
2020-01-04,2020-01-04T00:00,0.0,6.6,18.4,2
2020-01-04,2020-01-04T08:00,0.0,8.7,20.9,2
2020-01-04,2020-01-04T10:00,0.1,10.8,25.9,51
2020-01-04,2020-01-04T11:00,0.0,5.8,26.6,0
2020-01-04,2020-01-04T11:00,0.0,10.6,27.4,2
2020-01-04,2020-01-04T14:00,0.0,5.9,26.3,3
2020-01-04,2020-01-04T15:00,9.0,7.9,17.6,65
2020-01-04,2020-01-04T15:00,1.4,9.9,31.0,61
2020-01-04,2020-01-04T16:00,3.6,16.0,36.4,63
2020-01-04,2020-01-04T17:00,3.0,17.3,35.6,63
2020-01-04,2020-01-04T17:00,0.2,10.2,24.1,51
2020-01-04,2020-01-04T18:00,0.6,12.2,26.6,53
2020-01-04,2020-01-04T20:00,2.1,0.4,11.9,61
2020-01-04,2020-01-04T20:00,3.7,0.4,4.0,63
2020-01-04,2020-01-04T22:00,0.6,1.9,6.1,53
2020-01-04,2020-01-04T22:00,0.2,4.8,14.4,51
2020-01-05,2020-01-05T05:00,0.0,4.4,7.6,2
2020-01-05,2020-01-05T06:00,0.0,6.9,15.1,3
2020-01-05,2020-01-05T11:00,0.1,14.0,35.6,51
2020-01-05,2020-01-05T17:00,0.2,9.7,22.0,51
2020-01-05,2020-01-05T18:00,0.4,8.1,28.8,51
2020-01-05,2020-01-05T19:00,0.0,3.1,12.2,3
2020-01-05,2020-01-05T20:00,0.3,6.0,11.5,51
2020-01-05,2020-01-05T21:00,0.0,4.3,9.7,3
2020-01-05,2020-01-05T22:00,0.1,6.6,11.2,51
2020-01-05,2020-01-05T23:00,0.2,5.7,10.1,51
2020-01-05,2020-01-05T23:00,0.0,2.5,4.7,1
2020-01-06,2020-01-06T00:00,0.0,4.9,7.9,0
2020-01-06,2020-01-06T01:00,0.0,6.7,9.4,0
2020-01-06,2020-01-06T03:00,0.0,4.8,11.2,1
2020-01-06,2020-01-06T11:00,0.0,8.7,44.6,1
2020-01-06,2020-01-06T11:00,0.7,16.8,45.0,53
2020-01-06,2020-01-06T14:00,0.4,14.7,36.0,51
2020-01-06,2020-01-06T17:00,0.1,13.6,29.2,51
2020-01-06,2020-01-06T18:00,0.0,4.8,16.9,0
2020-01-06,2020-01-06T18:00,0.0,5.6,15.8,0
2020-01-06,2020-01-06T19:00,0.0,5.4,9.7,1
2020-01-06,2020-01-06T21:00,0.0,10.0,14.8,0
2020-01-07,2020-01-07T00:00,0.0,8.8,15.5,0
2020-01-07,2020-01-07T02:00,0.0,10.4,19.1,0
2020-01-07,2020-01-07T04:00,0.0,6.5,14.8,0
2020-01-07,2020-01-07T07:00,0.0,8.0,16.2,2
2020-01-07,2020-01-07T13:00,4.5,18.3,38.5,63
2020-01-07,2020-01-07T13:00,0.0,15.0,38.9,3
2020-01-07,2020-01-07T14:00,2.2,15.0,36.7,61
2020-01-07,2020-01-07T15:00,0.1,6.8,30.2,51
2020-01-07,2020-01-07T16:00,0.0,9.2,29.2,3
2020-01-07,2020-01-07T19:00,0.0,3.7,8.3,3
2020-01-07,2020-01-07T20:00,0.0,4.5,8.3,3
2020-01-07,2020-01-07T21:00,0.3,4.1,21.6,51
2020-01-07,2020-01-07T21:00,0.0,6.8,7.2,3
2020-01-07,2020-01-07T23:00,0.4,5.9,10.8,51
2020-01-08,2020-01-08T05:00,0.0,6.1,10.4,3
2020-01-08,2020-01-08T06:00,0.0,9.6,15.8,3
2020-01-08,2020-01-08T15:00,0.3,4.0,27.7,51
2020-01-08,2020-01-08T18:00,5.0,8.8,25.2,63
2020-01-08,2020-01-08T22:00,0.3,6.4,19.1,51
2020-01-09,2020-01-09T04:00,0.3,3.6,7.9,51
2020-01-09,2020-01-09T06:00,0.0,7.9,13.3,3
2020-01-09,2020-01-09T06:00,0.0,8.4,16.9,3
2020-01-09,2020-01-09T10:00,0.2,8.7,19.4,51
2020-01-09,2020-01-09T12:00,0.2,6.2,25.6,51
2020-01-09,2020-01-09T13:00,0.4,6.4,23.8,51
2020-01-09,2020-01-09T15:00,0.2,5.4,20.5,51
2020-01-09,2020-01-09T17:00,0.0,6.1,25.2,3
2020-01-09,2020-01-09T17:00,1.3,6.2,19.4,61
2020-01-09,2020-01-09T18:00,1.1,3.8,24.1,55
2020-01-09,2020-01-09T18:00,0.8,3.6,25.9,53
2020-01-09,2020-01-09T19:00,0.0,4.5,13.7,3
2020-01-10,2020-01-10T02:00,0.0,4.9,10.1,3
2020-01-10,2020-01-10T05:00,0.0,2.9,6.1,3
2020-01-10,2020-01-10T08:00,0.0,7.2,17.3,3
