DATAHORA,CHUVA,VENTO,RAJADA,CODIGO_TEMPO
2020-01-01 09:14:00,0.0,9.4,22.0,3
2020-01-01 11:33:00,0.2,13.2,32.4,51
2020-01-01 14:15:00,0.0,8.0,27.4,2
2020-01-01 18:22:00,3.9,7.6,39.2,63
2020-01-01 18:59:00,0.0,2.6,14.8,3
2020-01-01 22:27:00,3.3,7.7,16.2,63
2020-01-02 05:48:00,0.0,4.0,5.8,3
2020-01-02 05:59:00,0.0,4.5,7.9,3
2020-01-02 12:08:00,0.5,14.2,30.2,53
2020-01-02 14:06:00,0.4,12.7,29.9,51
2020-01-02 14:12:00,5.8,9.8,28.8,63
2020-01-02 17:32:00,1.8,5.6,27.0,61
2020-01-02 17:34:00,1.0,3.2,22.3,55
2020-01-02 18:51:00,0.2,4.3,11.2,51
2020-01-02 21:00:00,0.4,4.9,13.3,51
2020-01-02 22:16:00,0.8,4.8,9.7,53
2020-01-02 22:50:00,2.7,3.8,6.8,63
2020-01-02 23:12:00,3.0,5.9,11.9,63
2020-01-03 00:35:00,2.7,3.3,9.0,63
2020-01-03 00:44:00,2.7,6.0,13.0,63
2020-01-03 02:46:00,1.0,2.6,9.0,55
2020-01-03 06:54:00,0.0,12.6,27.4,3
2020-01-03 11:42:00,0.2,6.3,16.6,51
2020-01-03 14:57:00,0.1,15.0,32.8,51
2020-01-03 17:09:00,0.4,21.0,38.5,51
2020-01-03 21:20:00,0.0,10.0,13.7,3
2020-01-03 21:20:00,0.0,10.0,13.7,3
2020-01-03 21:32:00,0.3,4.3,17.6,51
2020-01-04 00:52:00,0.0,6.6,18.4,2
2020-01-04 08:02:00,0.0,8.7,20.9,2
2020-01-04 10:53:00,0.1,10.8,25.9,51
2020-01-04 11:10:00,0.0,5.8,26.6,0
2020-01-04 11:33:00,0.0,10.6,27.4,2
2020-01-04 14:15:00,0.0,5.9,26.3,3
2020-01-04 15:10:00,9.0,7.9,17.6,65
2020-01-04 15:40:00,1.4,9.9,31.0,61
2020-01-04 16:31:00,3.6,16.0,36.4,63
2020-01-04 17:12:00,3.0,17.3,35.6,63
2020-01-04 17:26:00,0.2,10.2,24.1,51
2020-01-04 18:30:00,0.6,12.2,26.6,53
2020-01-04 20:27:00,2.1,0.4,11.9,61
2020-01-04 20:33:00,3.7,0.4,4.0,63
2020-01-04 22:08:00,0.6,1.9,6.1,53
2020-01-04 22:44:00,0.2,4.8,14.4,51
2020-01-05 05:51:00,0.0,4.4,7.6,2
2020-01-05 06:39:00,0.0,6.9,15.1,3
2020-01-05 11:51:00,0.1,14.0,35.6,51
2020-01-05 17:54:00,0.2,9.7,22.0,51
2020-01-05 18:09:00,0.4,8.1,28.8,51
2020-01-05 19:27:00,0.0,3.1,12.2,3
2020-01-05 20:10:00,0.3,6.0,11.5,51
2020-01-05 21:48:00,0.0,4.3,9.7,3
2020-01-05 22:10:00,0.1,6.6,11.2,51
2020-01-05 23:22:00,0.2,5.7,10.1,51
2020-01-05 23:36:00,0.0,2.5,4.7,1
2020-01-06 00:19:00,0.0,4.9,7.9,0
2020-01-06 01:52:00,0.0,6.7,9.4,0
2020-01-06 03:53:00,0.0,4.8,11.2,1
2020-01-06 11:01:00,0.0,8.7,44.6,1
2020-01-06 11:08:00,0.7,16.8,45.0,53
2020-01-06 14:20:00,0.4,14.7,36.0,51
2020-01-06 17:00:00,0.1,13.6,29.2,51
2020-01-06 18:11:00,0.0,4.8,16.9,0
2020-01-06 18:35:00,0.0,5.6,15.8,0
2020-01-06 19:18:00,0.0,5.4,9.7,1
2020-01-06 21:41:00,0.0,10.0,14.8,0
2020-01-07 00:21:00,0.0,8.8,15.5,0
2020-01-07 02:26:00,0.0,10.4,19.1,0
2020-01-07 04:43:00,0.0,6.5,14.8,0
2020-01-07 07:39:00,0.0,8.0,16.2,2
2020-01-07 13:13:00,4.5,18.3,38.5,63
2020-01-07 13:23:00,0.0,15.0,38.9,3
2020-01-07 14:51:00,2.2,15.0,36.7,61
2020-01-07 15:30:00,0.1,6.8,30.2,51
2020-01-07 16:56:00,0.0,9.2,29.2,3
2020-01-07 19:14:00,0.0,3.7,8.3,3
2020-01-07 20:16:00,0.0,4.5,8.3,3
2020-01-07 21:48:00,0.3,4.1,21.6,51
2020-01-07 21:56:00,0.0,6.8,7.2,3
2020-01-07 23:57:00,0.4,5.9,10.8,51
2020-01-08 05:32:00,0.0,6.1,10.4,3
2020-01-08 06:41:00,0.0,9.6,15.8,3
2020-01-08 15:03:00,0.3,4.0,27.7,51
2020-01-08 18:30:00,5.0,8.8,25.2,63
2020-01-08 22:33:00,0.3,6.4,19.1,51
2020-01-09 04:02:00,0.3,3.6,7.9,51
2020-01-09 06:15:00,0.0,7.9,13.3,3
2020-01-09 06:23:00,0.0,8.4,16.9,3
2020-01-09 10:30:00,0.2,8.7,19.4,51
2020-01-09 12:05:00,0.2,6.2,25.6,51
2020-01-09 13:21:00,0.4,6.4,23.8,51
2020-01-09 15:55:00,0.2,5.4,20.5,51
2020-01-09 17:06:00,0.0,6.1,25.2,3
2020-01-09 17:19:00,1.3,6.2,19.4,61
2020-01-09 18:05:00,1.1,3.8,24.1,55
2020-01-09 18:29:00,0.8,3.6,25.9,53
2020-01-09 19:42:00,0.0,4.5,13.7,3
2020-01-10 02:59:00,0.0,4.9,10.1,3
2020-01-10 05:20:00,0.0,2.9,6.1,3
2020-01-10 08:11:00,0.0,7.2,17.3,3
2020-01-10 08:48:00,0.0,3.6,12.6,3
2020-01-10 10:28:00,0.0,5.1,15.1,3
2020-01-10 10:49:00,0.0,2.4,12.2,3
2020-01-10 11:02:00,0.0,1.8,11.5,3
2020-01-10 11:33:00,0.0,3.3,19.8,3
2020-01-10 12:22:00,0.4,9.3,21.2,51
2020-01-10 13:51:00,0.4,9.1,23.0,51
2020-01-10 13:59:00,0.9,10.2,23.8,53
2020-01-10 13:59:00,0.9,10.2,23.8,53
2020-01-10 14:23:00,5.9,11.6,25.2,63
2020-01-10 15:39:00,0.0,6.4,20.2,3
2020-01-10 16:20:00,0.8,5.5,18.4,53
2020-01-10 16:41:00,0.0,6.5,19.1,3
2020-01-10 18:33:00,0.0,9.7,20.5,3
2020-01-11 03:16:00,0.0,3.9,7.9,3
2020-01-11 04:27:00,1.6,6.0,16.2,61
2020-01-11 11:40:00,0.0,9.5,28.8,3
2020-01-11 12:15:00,0.0,9.1,29.9,3
2020-01-11 15:08:00,0.0,9.8,24.8,3
2020-01-11 15:34:00,0.0,12.2,31.0,2
2020-01-11 18:19:00,17.7,9.2,21.6,65
2020-01-11 20:19:00,3.6,4.5,18.0,63
2020-01-11 20:45:00,5.3,6.8,20.9,63
2020-01-11 22:21:00,0.0,3.9,6.8,3
2020-01-11 22:54:00,0.0,4.0,5.0,3
2020-01-11 23:22:00,0.0,3.5,4.3,3
2020-01-12 00:34:00,0.0,1.6,6.8,3
2020-01-12 03:49:00,0.0,4.8,9.4,3
2020-01-12 05:30:00,0.0,4.6,6.1,3
2020-01-12 06:03:00,0.0,3.3,6.1,3
2020-01-12 10:43:00,0.0,6.4,18.0,3
2020-01-12 10:46:00,0.1,7.5,27.7,51
2020-01-12 13:33:00,2.0,3.3,25.9,61
2020-01-12 13:41:00,3.4,4.8,30.6,63
2020-01-12 14:04:00,0.1,6.6,28.8,51
2020-01-12 19:10:00,2.3,9.0,14.8,61
2020-01-12 19:23:00,0.0,2.5,5.0,3
2020-01-12 20:19:00,1.8,5.5,9.4,61
2020-01-12 20:59:00,1.8,5.5,9.4,61
2020-01-12 21:03:00,0.9,4.3,23.8,53
2020-01-12 21:06:00,0.9,4.3,23.8,53
2020-01-12 22:33:00,2.1,10.0,16.9,61
2020-01-13 00:00:00,0.0,7.9,16.9,3
2020-01-13 00:07:00,0.1,8.4,16.2,51
2020-01-13 02:38:00,0.1,11.1,19.1,51
2020-01-13 03:06:00,0.6,8.0,15.8,53
2020-01-13 04:58:00,0.6,6.9,15.1,53
2020-01-13 09:23:00,0.2,6.5,20.2,51
2020-01-13 10:33:00,0.0,6.9,21.2,2
2020-01-13 12:57:00,0.0,10.1,25.6,3
2020-01-13 14:19:00,0.0,6.9,20.5,1
2020-01-13 15:23:00,0.0,13.6,28.1,3
2020-01-13 15:32:00,0.0,7.2,20.2,2
2020-01-13 15:48:00,0.0,12.4,27.0,3
2020-01-13 16:05:00,0.0,10.8,23.8,2
2020-01-13 16:47:00,0.1,18.5,41.4,51
2020-01-13 18:36:00,0.0,10.5,24.1,3
2020-01-13 20:51:00,0.1,11.4,20.9,51
2020-01-13 23:10:00,0.0,20.6,37.4,3
2020-01-14 02:57:00,0.0,9.4,21.2,1
2020-01-14 05:54:00,0.0,6.6,16.2,0
2020-01-14 07:29:00,0.0,13.3,24.1,3
2020-01-14 14:15:00,0.0,9.7,25.2,1
2020-01-14 18:23:00,0.0,3.8,13.7,2
2020-01-14 19:44:00,0.0,5.8,9.7,2
2020-01-14 20:24:00,0.0,14.7,24.5,0
2020-01-15 06:51:00,0.0,5.1,8.3,1
2020-01-15 06:59:00,0.0,8.7,15.8,0
2020-01-15 07:09:00,0.0,8.7,19.1,1
2020-01-15 08:33:00,0.0,6.6,20.2,2
2020-01-15 13:16:00,0.0,6.9,29.5,0
2020-01-15 13:32:00,0.0,5.9,18.0,1
2020-01-15 17:15:00,0.7,1.9,15.1,53
2020-01-15 18:04:00,0.1,4.6,18.0,51
2020-01-15 20:39:00,0.0,6.8,11.5,1
2020-01-15 21:32:00,0.0,5.9,8.6,0
2020-01-16 06:10:00,0.0,4.4,8.6,3
2020-01-16 06:23:00,0.0,8.4,13.7,3
2020-01-16 14:36:00,0.1,8.2,21.2,51
2020-01-16 14:56:00,0.0,4.7,16.6,0
2020-01-16 17:27:00,10.3,11.9,24.1,65
2020-01-16 17:46:00,1.3,11.9,28.1,61
2020-01-16 20:40:00,4.4,12.8,27.7,63
2020-01-16 21:48:00,0.0,9.5,20.9,3
2020-01-16 22:59:00,0.6,8.2,21.2,53
2020-01-16 23:09:00,1.9,9.9,23.4,61
2020-01-16 23:36:00,1.9,7.1,15.1,61
2020-01-17 04:13:00,0.0,8.4,18.4,3
2020-01-17 06:01:00,0.5,18.7,37.4,53
2020-01-17 07:49:00,0.4,22.6,45.0,51
2020-01-17 08:06:00,0.0,22.2,42.1,3
2020-01-17 08:13:00,0.0,22.2,42.1,3
2020-01-17 09:26:00,0.0,18.4,52.6,3
2020-01-17 09:40:00,0.0,10.8,22.0,3
2020-01-17 12:30:00,0.0,20.3,46.1,3
2020-01-17 14:05:00,0.0,18.4,40.7,3
2020-01-17 15:59:00,1.0,5.6,22.7,55
2020-01-17 19:08:00,0.0,16.9,34.9,3
2020-01-17 21:00:00,0.0,18.8,31.3,3
2020-01-17 21:31:00,0.0,21.9,43.2,3
2020-01-17 22:14:00,0.0,24.9,46.1,3
2020-01-17 22:37:00,0.0,24.5,45.0,3
2020-01-18 00:04:00,0.3,16.2,29.9,51
2020-01-18 00:36:00,0.0,13.0,26.6,3
2020-01-18 01:11:00,0.6,8.2,15.8,53
2020-01-18 04:52:00,0.0,16.9,29.5,3
2020-01-18 05:11:00,0.0,15.3,31.3,3
2020-01-18 07:07:00,0.0,18.3,36.7,3
2020-01-18 07:18:00,0.0,16.8,34.9,3
2020-01-18 08:56:00,0.0,21.3,40.3,3
2020-01-18 09:53:00,0.0,9.7,25.2,3
2020-01-18 10:15:00,0.6,10.2,24.8,53
2020-01-18 10:36:00,0.0,18.5,37.8,2
2020-01-18 10:45:00,0.0,18.5,37.8,2
2020-01-18 11:44:00,0.0,15.1,37.8,3
2020-01-18 15:00:00,0.0,11.5,24.1,2
2020-01-18 17:08:00,0.1,8.7,20.2,51
2020-01-18 17:45:00,0.1,8.7,20.2,51
2020-01-18 17:56:00,0.0,9.2,20.5,2
2020-01-19 00:23:00,0.0,8.9,20.2,1
2020-01-19 03:07:00,0.0,5.3,10.1,0
2020-01-19 05:08:00,0.0,9.0,18.4,1
2020-01-19 09:24:00,0.0,11.8,26.3,0
2020-01-19 16:41:00,0.1,19.5,41.4,51
2020-01-19 17:04:00,0.2,5.0,15.5,51
2020-01-19 18:55:00,0.1,5.9,15.1,51
2020-01-19 19:52:00,0.0,17.1,34.2,0
2020-01-19 23:13:00,0.0,10.5,25.6,0
2020-01-19 23:21:00,0.0,19.3,35.6,0
2020-01-19 23:28:00,0.0,9.7,20.2,0
2020-01-20 05:15:00,0.0,11.8,25.6,2
2020-01-20 06:43:00,0.0,10.3,16.6,2
2020-01-20 09:00:00,0.1,5.0,23.0,51
2020-01-20 10:33:00,0.0,6.1,27.0,3
2020-01-20 11:48:00,0.1,3.7,22.0,51
2020-01-20 15:05:00,0.0,11.9,27.4,1
2020-01-20 17:53:00,0.1,19.8,37.4,51
2020-01-20 21:09:00,0.0,10.8,19.4,3
2020-01-20 21:17:00,0.0,18.1,30.2,1
2020-01-20 22:18:00,0.0,19.6,36.0,0
2020-01-20 23:35:00,0.0,16.1,33.8,0
2020-01-21 05:07:00,0.0,7.7,12.6,1
2020-01-21 06:34:00,0.0,6.8,13.3,2
2020-01-21 06:51:00,0.0,12.3,20.5,1
2020-01-21 12:47:00,0.0,2.7,17.3,3
2020-01-21 15:00:00,0.0,4.9,18.4,3
2020-01-21 15:04:00,0.0,3.3,15.5,3
2020-01-21 15:30:00,0.0,3.3,15.5,3
2020-01-21 16:04:00,0.1,6.9,19.8,51
2020-01-21 16:56:00,0.0,0.8,19.4,3
2020-01-21 17:50:00,0.0,12.7,25.2,2
2020-01-22 06:56:00,0.0,8.4,15.5,0
2020-01-22 07:36:00,0.0,4.0,10.8,3
2020-01-22 07:37:00,0.0,11.3,23.8,0
2020-01-22 10:58:00,0.1,8.2,23.0,51
2020-01-22 17:04:00,0.1,20.2,37.4,51
2020-01-22 17:07:00,0.2,10.5,24.1,51
2020-01-22 17:39:00,0.2,16.3,30.2,51
2020-01-22 18:13:00,0.3,19.0,33.5,51
2020-01-22 18:21:00,0.4,5.6,16.6,51
2020-01-22 18:21:00,0.4,5.6,16.6,51
2020-01-22 19:09:00,0.4,18.9,33.1,51
2020-01-22 19:58:00,0.4,19.6,35.6,51
2020-01-23 05:06:00,0.3,7.8,27.0,51
2020-01-23 05:07:00,0.2,7.3,19.8,51
2020-01-23 06:30:00,1.2,7.6,18.4,55
2020-01-23 06:44:00,0.8,13.9,25.6,53
2020-01-23 06:56:00,0.5,9.3,14.8,53
2020-01-23 07:53:00,0.1,5.3,12.2,51
2020-01-23 07:58:00,0.0,10.5,18.7,3
2020-01-23 08:04:00,1.1,6.6,17.6,55
2020-01-23 08:05:00,0.3,12.0,21.6,51
2020-01-23 08:11:00,0.3,10.2,23.8,51
2020-01-23 08:32:00,0.2,10.4,18.4,51
2020-01-23 08:38:00,0.5,11.7,22.0,53
2020-01-23 08:48:00,0.4,13.0,24.8,51
2020-01-23 13:56:00,0.6,12.9,30.2,53
2020-01-23 14:18:00,0.4,1.8,16.9,51
2020-01-23 14:29:00,1.2,13.5,33.8,55
2020-01-23 15:31:00,2.3,13.5,27.4,61
2020-01-23 17:52:00,1.3,14.0,25.6,61
2020-01-23 18:01:00,2.1,12.9,25.6,61
2020-01-23 18:03:00,1.3,15.4,28.4,61
2020-01-23 18:12:00,0.9,14.8,26.3,53
2020-01-23 18:16:00,0.1,4.3,12.6,51
2020-01-23 18:28:00,0.7,13.5,22.7,53
2020-01-23 18:39:00,1.0,13.3,23.0,55
2020-01-23 18:53:00,0.9,14.8,26.3,53
2020-01-23 20:27:00,1.6,13.9,25.9,61
2020-01-23 20:56:00,3.3,13.0,23.0,63
2020-01-23 21:04:00,0.1,7.1,12.6,51
2020-01-23 21:35:00,0.8,7.9,14.4,53
2020-01-24 01:29:00,0.0,13.2,24.8,1
2020-01-24 03:37:00,0.0,8.0,14.4,2
2020-01-24 04:32:00,0.0,8.5,15.8,0
2020-01-24 07:32:00,0.0,12.2,25.6,3
2020-01-24 08:11:00,0.0,12.1,24.8,3
2020-01-24 08:32:00,0.0,12.1,24.8,3
2020-01-24 09:17:00,0.1,8.6,25.9,51
2020-01-24 09:24:00,0.0,11.4,30.6,3
2020-01-24 10:35:00,0.1,11.6,26.3,51
2020-01-24 10:54:00,0.0,10.5,23.4,3
2020-01-24 12:15:00,0.0,13.4,30.6,3
2020-01-24 13:18:00,0.0,12.3,26.6,3
2020-01-24 13:47:00,0.0,14.0,29.5,3
2020-01-24 16:30:00,0.2,22.4,40.7,51
2020-01-24 16:41:00,0.2,16.0,39.6,51
2020-01-24 16:57:00,0.2,16.0,39.6,51
2020-01-24 17:09:00,0.2,18.4,40.7,51
2020-01-24 17:14:00,0.2,18.4,40.7,51
2020-01-24 18:17:00,0.0,17.5,34.9,1
2020-01-24 18:59:00,1.1,23.1,46.8,55
2020-01-24 20:01:00,0.0,19.4,39.2,1
2020-01-24 20:54:00,0.0,14.1,32.4,1
2020-01-24 21:06:00,0.0,5.9,14.0,1
2020-01-24 21:20:00,0.0,5.9,14.0,1
2020-01-24 21:58:00,0.0,11.6,32.8,1
2020-01-24 22:52:00,0.0,11.5,30.6,0
2020-01-25 00:46:00,0.0,9.7,20.2,1
2020-01-25 06:20:00,0.0,6.8,11.2,0
2020-01-25 06:37:00,0.0,8.9,16.6,0
2020-01-25 08:50:00,0.0,10.2,23.8,0
2020-01-25 09:01:00,0.0,8.0,27.7,3
2020-01-25 09:57:00,0.0,8.0,27.7,3
2020-01-25 17:38:00,0.0,6.7,16.6,2
2020-01-26 03:04:00,0.0,5.1,10.8,0
2020-01-26 09:28:00,0.0,1.8,12.2,0
2020-01-26 12:54:00,0.0,5.1,18.0,0
2020-01-26 16:59:00,0.0,8.0,19.8,0
2020-01-26 18:38:00,0.0,5.8,14.4,0
2020-01-26 19:25:00,0.0,9.4,11.5,0
2020-01-26 20:46:00,0.0,12.0,19.1,0
2020-01-27 04:25:00,0.0,5.8,10.8,0
2020-01-27 06:26:00,0.0,8.4,13.3,0
2020-01-27 07:35:00,0.0,8.2,15.8,0
2020-01-27 13:02:00,0.0,8.5,23.4,0
2020-01-27 15:25:00,0.0,6.6,22.0,0
2020-01-27 17:28:00,0.0,6.0,19.4,0
2020-01-27 22:05:00,0.0,18.0,31.0,0
2020-01-28 02:58:00,0.0,4.7,9.0,0
2020-01-28 07:20:00,0.0,9.4,18.0,0
2020-01-28 07:32:00,0.0,8.4,15.8,0
2020-01-28 08:07:00,0.0,9.4,20.9,0
2020-01-28 09:02:00,0.0,11.3,23.8,0
2020-01-28 14:35:00,0.1,8.0,24.5,51
2020-01-28 17:15:00,0.0,4.9,16.6,1
2020-01-28 18:00:00,0.1,14.2,30.6,51
2020-01-28 18:33:00,0.0,2.2,13.0,1
2020-01-28 19:03:00,0.0,6.4,8.3,1
2020-01-28 19:12:00,0.0,5.4,7.6,1
2020-01-28 19:17:00,0.0,14.3,32.4,1
2020-01-28 19:19:00,0.0,5.4,7.6,1
2020-01-28 20:39:00,0.0,10.5,16.2,1
2020-01-28 21:58:00,0.0,10.8,23.4,1
2020-01-28 22:23:00,0.0,9.0,18.0,1
2020-01-28 22:34:00,0.0,9.0,18.0,1
2020-01-29 05:37:00,0.0,12.8,22.0,0
2020-01-29 06:00:00,0.0,13.0,24.5,1
2020-01-29 06:25:00,0.0,4.1,10.1,2
2020-01-29 06:51:00,0.0,9.3,17.6,0
2020-01-29 07:44:00,0.0,9.7,20.2,0
2020-01-29 08:01:00,0.0,11.6,26.3,1
2020-01-29 08:40:00,0.1,10.6,23.0,51
2020-01-29 08:50:00,0.0,11.3,24.1,2
2020-01-29 18:36:00,0.3,9.0,23.4,51
2020-01-29 18:39:00,0.3,9.0,23.4,51
2020-01-29 18:40:00,0.3,9.0,23.4,51
2020-01-29 18:48:00,0.1,7.2,26.6,51
2020-01-29 22:48:00,0.0,11.7,21.6,3
2020-01-29 23:13:00,0.9,6.3,20.9,53
2020-01-30 07:16:00,0.0,9.4,18.7,3
2020-01-30 09:04:00,0.1,18.7,38.5,51
2020-01-30 09:51:00,0.1,16.3,38.2,51
2020-01-30 18:24:00,0.0,9.5,16.6,3
2020-01-31 00:08:00,0.0,5.8,13.7,3
2020-01-31 00:39:00,0.0,9.4,16.6,3
2020-01-31 06:36:00,0.2,9.1,18.4,51
2020-01-31 09:48:00,0.1,12.1,29.2,51
2020-01-31 14:10:00,0.1,22.3,47.2,51
2020-01-31 15:16:00,0.2,20.4,51.5,51
2020-01-31 15:33:00,0.0,15.6,41.4,1
2020-01-31 15:45:00,0.0,15.5,32.8,3
2020-01-31 17:00:00,0.2,15.6,45.7,51
2020-01-31 19:14:00,0.0,8.4,19.1,3
2020-01-31 19:18:00,0.0,6.6,16.9,3
2020-01-31 19:29:00,0.0,6.4,13.7,3
2020-01-31 20:12:00,0.0,7.3,16.6,3
2020-01-31 21:33:00,0.0,7.5,10.8,3
2020-01-31 21:41:00,0.0,3.1,17.3,3
2020-01-31 23:57:00,1.1,12.7,24.8,55
2020-02-01 00:49:00,0.0,3.4,7.6,3
2020-02-01 04:28:00,0.5,8.7,17.3,53
2020-02-01 04:40:00,0.0,1.6,2.5,3
2020-02-01 07:57:00,0.0,2.3,5.8,3
2020-02-01 11:15:00,0.2,8.0,32.4,51
2020-02-01 11:15:00,0.2,8.0,32.4,51
2020-02-01 13:24:00,0.1,4.8,29.2,51
2020-02-01 15:12:00,0.1,6.2,20.2,51
2020-02-01 15:42:00,0.1,7.3,29.2,51
2020-02-01 15:58:00,0.1,6.6,27.4,51
2020-02-01 17:43:00,0.0,7.9,18.0,3
2020-02-01 17:53:00,0.1,5.5,28.1,51
2020-02-01 18:36:00,3.5,5.1,24.1,63
2020-02-01 19:59:00,1.7,4.0,10.8,61
2020-02-01 20:36:00,0.1,6.8,21.2,51
2020-02-01 21:51:00,1.0,6.7,19.4,55
2020-02-02 02:30:00,0.1,2.3,5.0,51
2020-02-02 03:47:00,0.2,2.9,5.0,51
2020-02-02 04:26:00,0.0,4.3,9.4,3
2020-02-02 07:02:00,0.0,3.2,7.9,0
2020-02-02 08:35:00,0.0,5.1,12.2,3
2020-02-02 11:03:00,0.0,1.6,17.6,3
2020-02-02 12:16:00,0.1,1.1,14.4,51
2020-02-02 12:59:00,0.1,2.4,21.2,51
2020-02-02 14:07:00,0.0,2.4,20.2,3
2020-02-02 16:10:00,0.0,5.1,15.5,3
2020-02-02 16:23:00,0.0,5.1,15.5,3
2020-02-02 19:24:00,0.9,5.5,19.1,53
2020-02-02 19:35:00,4.7,9.2,18.0,63
2020-02-02 19:53:00,3.7,11.1,18.0,63
2020-02-02 20:50:00,0.0,6.8,13.3,3
2020-02-02 22:11:00,0.0,8.2,15.5,3
2020-02-02 22:13:00,2.2,11.6,27.4,61
2020-02-02 22:34:00,0.0,8.2,15.5,3
2020-02-03 06:47:00,0.0,5.5,10.1,3
2020-02-03 06:57:00,0.2,7.1,13.3,51
2020-02-03 07:07:00,0.3,6.7,12.6,51
2020-02-03 07:07:00,0.4,6.3,12.2,51
2020-02-03 07:07:00,0.0,4.9,11.5,3
2020-02-03 07:14:00,1.6,6.6,22.7,61
2020-02-03 07:14:00,0.7,9.5,17.3,53
2020-02-03 07:40:00,0.7,9.5,17.3,53
2020-02-03 07:51:00,0.4,6.3,12.2,51
2020-02-03 08:03:00,0.0,6.5,16.2,3
2020-02-03 08:09:00,0.3,7.4,16.6,51
2020-02-03 12:57:00,0.1,5.1,25.2,51
2020-02-03 16:35:00,0.0,4.0,19.1,1
2020-02-03 16:36:00,0.0,1.8,16.9,3
2020-02-03 17:21:00,0.0,11.8,24.5,3
2020-02-03 18:36:00,0.0,13.2,24.1,3
2020-02-03 18:53:00,0.0,13.2,24.1,3
2020-02-03 19:03:00,3.7,9.3,15.8,63
2020-02-03 19:32:00,0.0,17.4,30.6,3
2020-02-03 20:25:00,2.6,5.1,20.2,63
2020-02-03 20:56:00,0.1,12.5,27.7,51
2020-02-04 04:19:00,0.2,6.4,12.6,51
2020-02-04 05:48:00,0.3,6.0,15.1,51
2020-02-04 07:44:00,0.0,12.3,25.9,3
2020-02-04 08:04:00,0.0,12.5,26.6,3
2020-02-04 09:19:00,0.0,8.5,26.6,3
2020-02-04 09:38:00,0.0,5.0,14.0,3
2020-02-04 11:59:00,0.0,5.7,24.8,3
2020-02-04 13:55:00,0.2,6.4,30.2,51
2020-02-04 17:01:00,0.0,4.5,16.9,1
2020-02-04 18:06:00,0.0,4.8,13.3,3
2020-02-04 22:37:00,0.0,11.5,20.5,3
2020-02-05 03:53:00,0.4,6.8,13.0,51
2020-02-05 08:21:00,0.2,6.3,14.8,51
2020-02-05 11:19:00,0.0,8.2,20.5,3
2020-02-05 19:24:00,1.4,3.1,16.2,61
2020-02-05 19:58:00,1.4,3.1,16.2,61
2020-02-05 21:26:00,0.6,2.5,11.2,53
2020-02-05 21:33:00,0.6,2.5,11.2,53
2020-02-05 22:07:00,1.6,2.2,6.8,61
2020-02-05 22:35:00,0.3,9.5,20.5,51
2020-02-06 00:40:00,0.3,6.5,13.7,51
2020-02-06 05:13:00,0.0,5.0,10.4,2
2020-02-06 08:58:00,0.0,0.0,8.3,3
2020-02-06 11:07:00,0.3,6.3,20.5,51
2020-02-06 12:27:00,0.2,6.4,19.8,51
2020-02-06 14:30:00,3.7,9.2,27.4,63
2020-02-06 16:02:00,0.1,6.6,17.3,51
2020-02-06 16:45:00,0.1,2.3,14.4,51
2020-02-06 16:54:00,0.1,2.3,14.4,51
2020-02-06 19:09:00,1.5,10.0,22.0,61
2020-02-06 19:35:00,0.2,11.0,22.0,51
2020-02-06 21:45:00,0.3,10.2,20.2,51
2020-02-06 22:24:00,0.0,9.1,16.6,2
2020-02-06 22:39:00,0.0,12.4,22.3,1
2020-02-07 01:17:00,0.3,4.7,9.0,51
2020-02-07 02:03:00,0.0,8.9,18.4,1
2020-02-07 07:22:00,0.0,13.8,22.3,3
2020-02-07 08:38:00,0.0,10.2,22.0,3
2020-02-07 09:40:00,0.0,8.6,24.1,2
2020-02-07 14:40:00,2.8,7.8,29.2,63
2020-02-07 14:53:00,0.2,11.9,25.6,51
2020-02-07 16:25:00,0.6,6.0,27.4,53
2020-02-07 17:08:00,1.8,12.0,29.9,61
2020-02-07 17:19:00,0.1,5.1,19.4,51
2020-02-07 17:23:00,0.1,6.7,22.0,51
2020-02-07 18:19:00,0.0,4.7,15.1,1
2020-02-07 18:26:00,0.0,5.0,14.0,2
2020-02-07 18:29:00,0.2,7.1,24.5,51
2020-02-07 19:40:00,0.0,5.6,14.0,2
2020-02-07 20:28:00,0.0,8.9,13.7,1
2020-02-08 00:22:00,0.0,5.7,8.6,3
2020-02-08 02:38:00,0.0,4.7,8.3,3
2020-02-08 13:35:00,0.0,18.2,45.7,1
2020-02-08 14:48:00,0.1,11.4,27.7,51
2020-02-08 15:14:00,0.1,9.6,24.8,51
2020-02-08 15:18:00,0.1,10.3,26.3,51
2020-02-08 15:19:00,0.0,22.3,49.3,1
2020-02-08 17:13:00,0.0,7.4,29.9,1
2020-02-08 17:47:00,0.1,12.4,35.3,51
2020-02-08 18:25:00,0.1,6.4,24.5,51
2020-02-08 20:23:00,0.0,5.9,9.0,1
2020-02-09 00:45:00,0.0,7.1,15.1,1
2020-02-09 01:18:00,0.0,11.1,21.2,3
2020-02-09 03:17:00,0.0,9.8,18.4,3
2020-02-09 03:50:00,0.0,5.7,12.2,1
2020-02-09 05:44:00,0.0,8.0,15.5,1
2020-02-09 06:35:00,0.0,7.9,13.0,1
2020-02-09 09:18:00,0.0,20.1,42.5,0
2020-02-09 11:27:00,0.1,23.1,50.0,51
2020-02-09 12:12:00,0.4,24.4,50.0,51
2020-02-09 14:26:00,0.2,20.1,41.0,51
2020-02-09 14:55:00,0.3,19.3,43.2,51
2020-02-09 14:59:00,0.3,19.3,43.2,51
2020-02-09 15:14:00,0.8,18.3,45.0,53
2020-02-09 16:21:00,0.0,17.8,47.2,1
2020-02-09 18:19:00,0.1,10.5,29.9,51
2020-02-09 19:42:00,0.0,9.1,23.4,2
2020-02-09 20:07:00,0.0,4.6,14.0,2
2020-02-09 20:16:00,0.0,12.4,27.7,3
2020-02-09 21:17:00,0.0,8.0,28.8,3
2020-02-09 22:14:00,2.7,10.5,28.1,63
2020-02-09 22:22:00,1.2,12.7,32.4,55
2020-02-09 23:02:00,1.4,13.3,31.0,61
2020-02-10 04:43:00,0.1,15.4,31.0,51
2020-02-10 04:46:00,1.2,21.9,50.0,55
2020-02-10 06:24:00,0.5,14.0,33.5,53
2020-02-10 06:52:00,0.0,7.9,19.1,3
2020-02-10 07:51:00,0.0,7.9,15.1,3
2020-02-10 08:17:00,0.0,8.7,20.5,3
2020-02-10 08:45:00,0.0,10.3,21.2,3
2020-02-10 08:49:00,0.4,11.5,23.4,51
2020-02-10 09:30:00,0.8,12.7,25.9,53
2020-02-10 10:17:00,0.5,13.7,29.2,53
2020-02-10 10:36:00,0.7,14.5,28.8,53
2020-02-10 11:22:00,1.0,14.6,28.1,55
2020-02-10 12:33:00,2.1,10.7,24.8,61
2020-02-10 12:56:00,1.2,13.4,28.1,55
2020-02-10 13:47:00,0.8,8.9,23.4,53
2020-02-10 16:38:00,2.2,11.7,24.5,61
2020-02-10 17:02:00,0.1,13.3,30.6,51
2020-02-10 20:23:00,0.4,21.9,43.6,51
2020-02-10 20:57:00,0.2,21.2,42.5,51
2020-02-10 22:28:00,1.4,14.8,26.3,61
2020-02-10 22:37:00,2.9,11.4,20.9,63
2020-02-10 22:42:00,0.6,9.2,21.6,53
2020-02-10 23:14:00,4.2,17.1,29.5,63
2020-02-11 01:07:00,0.6,18.4,37.4,53
2020-02-11 06:30:00,3.9,21.3,42.1,63
2020-02-11 08:33:00,4.3,17.2,32.0,63
2020-02-11 10:50:00,0.1,20.3,38.9,51
2020-02-11 14:55:00,0.3,7.9,28.8,51
2020-02-11 19:50:00,1.7,10.8,20.5,61
2020-02-11 20:00:00,0.0,18.9,38.2,2
2020-02-12 08:04:00,0.0,17.1,29.5,3
2020-02-12 13:00:00,0.0,16.3,36.0,3
2020-02-12 14:24:00,0.0,16.8,36.4,3
2020-02-12 17:13:00,0.0,19.8,37.4,3
2020-02-12 22:35:00,0.0,17.4,32.0,1
2020-02-12 22:57:00,0.0,12.2,25.6,1
2020-02-13 01:17:00,0.0,6.5,13.0,3
2020-02-13 06:00:00,0.0,9.2,18.7,1
2020-02-13 13:54:00,0.1,7.5,27.7,51
2020-02-13 21:00:00,0.0,14.1,25.9,0
2020-02-14 00:04:00,0.0,14.6,30.6,3
2020-02-14 06:48:00,0.0,6.5,10.8,0
2020-02-14 07:25:00,0.0,13.9,26.6,1
2020-02-14 07:46:00,0.0,14.7,27.4,0
2020-02-14 07:58:00,0.0,12.5,25.2,3
2020-02-14 08:05:00,0.0,11.6,29.2,0
2020-02-14 08:48:00,0.0,11.6,29.2,0
2020-02-14 11:47:00,0.1,8.6,29.2,51
2020-02-14 11:49:00,0.0,6.9,20.2,0
2020-02-14 15:07:00,0.0,6.2,20.5,1
2020-02-14 16:19:00,0.0,7.9,21.2,1
2020-02-14 16:52:00,0.0,5.3,16.9,2
2020-02-14 17:31:00,0.2,17.1,40.0,51
2020-02-14 19:10:00,0.0,15.5,34.6,2
2020-02-14 21:16:00,0.0,7.3,8.3,0
2020-02-14 22:02:00,0.0,17.9,31.0,0
2020-02-15 02:06:00,0.0,6.6,13.0,1
2020-02-15 08:09:00,0.0,4.4,14.4,0
2020-02-15 08:19:00,0.0,5.0,12.6,0
2020-02-15 14:43:00,0.2,9.7,27.4,51
2020-02-15 16:28:00,0.0,10.7,27.4,3
2020-02-15 20:12:00,0.0,9.2,22.0,3
2020-02-15 20:40:00,0.0,4.6,9.4,2
2020-02-15 20:59:00,0.0,5.1,7.2,2
2020-02-15 21:15:00,0.0,6.5,5.8,3
2020-02-16 01:21:00,0.0,5.4,12.6,2
2020-02-16 03:17:00,0.0,15.8,28.4,2
2020-02-16 05:50:00,0.0,6.5,9.7,3
2020-02-16 10:29:00,0.0,9.9,29.9,3
2020-02-16 12:27:00,0.0,10.2,30.2,2
2020-02-16 14:20:00,0.1,14.8,29.9,51
2020-02-16 15:24:00,1.0,10.9,26.3,55
2020-02-17 05:41:00,0.0,6.9,12.6,0
2020-02-17 07:11:00,0.0,7.7,15.1,3
2020-02-17 08:13:00,0.0,7.5,18.0,2
2020-02-17 10:26:00,0.0,8.4,21.6,2
2020-02-17 11:43:00,0.0,8.6,24.1,1
2020-02-17 14:35:00,0.0,5.4,22.7,1
2020-02-17 14:35:00,0.0,5.4,22.7,1
2020-02-17 14:41:00,0.0,6.6,20.5,2
2020-02-17 15:10:00,0.0,5.5,24.1,2
2020-02-17 15:10:00,0.0,5.5,24.1,2
2020-02-17 16:46:00,0.0,3.6,14.0,0
2020-02-17 23:21:00,0.6,9.1,17.6,53
2020-02-18 04:35:00,0.0,9.9,19.8,3
2020-02-18 07:22:00,0.0,8.9,18.7,1
2020-02-18 15:19:00,0.0,6.6,22.0,1
2020-02-18 16:32:00,0.0,4.7,20.9,2
2020-02-18 19:25:00,0.5,4.5,11.2,53
2020-02-18 22:50:00,0.0,6.9,12.6,3
2020-02-19 00:00:00,0.0,10.7,20.2,3
2020-02-19 00:00:00,0.0,7.6,17.6,3
2020-02-19 00:59:00,0.0,5.9,15.1,3
2020-02-19 06:29:00,0.0,5.5,13.0,2
2020-02-19 06:48:00,0.0,5.4,8.3,1
2020-02-19 07:24:00,0.0,8.7,16.6,3
2020-02-19 07:37:00,0.0,9.7,17.6,2
2020-02-19 07:51:00,0.0,13.5,22.0,2
2020-02-19 08:00:00,0.0,4.2,13.0,1
2020-02-19 08:16:00,0.0,4.2,13.0,1
2020-02-19 10:41:00,0.2,12.9,34.9,51
2020-02-19 12:15:00,0.1,8.9,29.9,51
2020-02-19 12:38:00,0.1,9.1,32.4,51
2020-02-19 15:08:00,0.1,5.5,22.7,51
2020-02-19 15:44:00,0.0,6.5,26.3,3
2020-02-19 18:54:00,0.0,5.9,10.8,2
2020-02-19 19:35:00,0.0,6.1,7.6,3
2020-02-19 21:06:00,0.0,9.0,8.3,1
2020-02-19 22:30:00,0.0,5.1,7.6,3
2020-02-19 23:19:00,0.0,9.2,15.5,3
2020-02-19 23:24:00,0.0,8.6,20.2,2
2020-02-20 06:29:00,0.1,5.1,8.6,51
2020-02-20 08:17:00,0.0,8.3,19.1,0
2020-02-20 08:39:00,0.0,7.7,17.3,2
2020-02-20 10:45:00,0.0,8.2,27.0,3
2020-02-20 11:48:00,0.1,7.6,28.4,51
2020-02-20 14:15:00,0.0,9.7,30.6,2
2020-02-20 14:16:00,0.2,14.5,31.0,51
2020-02-20 17:31:00,0.1,1.8,17.6,51
2020-02-21 00:39:00,0.0,3.8,8.3,2
2020-02-21 02:28:00,0.1,6.6,11.5,51
2020-02-21 06:30:00,0.6,1.3,5.8,53
2020-02-21 06:46:00,0.2,5.2,11.2,51
2020-02-21 06:55:00,1.3,10.3,20.2,61
2020-02-21 07:18:00,1.0,5.4,11.2,55
2020-02-21 07:36:00,1.0,5.4,11.2,55
2020-02-21 08:06:00,0.4,5.0,11.9,51
2020-02-21 08:40:00,0.2,9.0,19.1,51
2020-02-21 09:09:00,0.5,1.9,11.9,53
2020-02-21 11:26:00,0.2,6.4,25.2,51
2020-02-21 12:10:00,0.3,4.7,12.6,51
2020-02-21 14:10:00,0.3,17.2,32.8,51
2020-02-21 14:58:00,0.2,8.1,29.9,51
2020-02-21 15:03:00,0.9,11.6,28.1,53
2020-02-21 16:01:00,0.7,2.1,21.6,53
2020-02-21 16:25:00,0.2,10.7,24.8,51
2020-02-21 16:46:00,1.3,7.7,24.5,61
2020-02-21 17:04:00,0.3,4.0,20.9,51
2020-02-21 17:11:00,0.1,12.7,24.5,51
2020-02-21 17:19:00,4.8,11.3,23.8,63
2020-02-21 17:46:00,0.4,12.1,24.5,51
2020-02-21 17:55:00,0.2,11.8,25.9,51
2020-02-21 18:14:00,0.2,10.6,24.5,51
2020-02-21 18:25:00,0.0,4.9,13.7,3
2020-02-21 18:48:00,0.0,12.9,34.2,2
2020-02-21 22:33:00,0.9,4.5,10.1,53
2020-02-21 22:47:00,0.0,5.2,10.4,3
2020-02-22 00:19:00,0.0,2.4,4.0,3
2020-02-22 03:00:00,0.0,5.6,10.1,1
2020-02-22 06:25:00,0.0,5.9,10.4,1
2020-02-22 06:52:00,0.0,4.1,6.5,3
2020-02-22 10:56:00,0.4,14.9,31.7,51
2020-02-22 11:09:00,0.7,14.1,29.5,53
2020-02-22 11:39:00,0.1,12.7,26.6,51
2020-02-22 11:55:00,0.7,14.1,29.5,53
2020-02-22 13:29:00,0.0,17.0,38.5,3
2020-02-22 15:32:00,0.0,21.7,40.7,3
2020-02-22 16:43:00,0.0,19.7,44.6,3
2020-02-22 23:00:00,0.0,12.7,24.1,1
2020-02-23 05:48:00,0.0,12.5,26.3,0
2020-02-23 06:14:00,0.0,10.9,22.3,0
2020-02-23 08:11:00,0.0,13.3,28.8,1
2020-02-23 11:51:00,0.0,8.7,23.4,3
2020-02-23 12:54:00,0.0,8.7,25.9,3
2020-02-23 17:01:00,0.7,7.3,22.7,53
2020-02-23 17:54:00,0.0,19.4,40.0,3
2020-02-23 21:08:00,0.0,18.2,32.8,0
2020-02-23 23:07:00,0.0,11.5,28.8,2
2020-02-24 03:09:00,0.0,7.6,15.1,3
2020-02-24 12:41:00,0.1,4.7,24.5,51
2020-02-24 12:52:00,0.0,13.3,38.9,3
2020-02-24 13:23:00,0.1,8.9,32.0,51
2020-02-24 15:29:00,3.3,5.7,25.2,63
2020-02-24 17:04:00,0.7,3.5,18.0,53
2020-02-24 17:48:00,0.7,1.8,14.0,53
2020-02-24 18:16:00,0.1,5.1,11.5,51
2020-02-24 19:32:00,0.1,9.7,18.4,51
2020-02-24 23:58:00,1.8,9.8,19.1,61
2020-02-25 03:53:00,0.0,6.2,10.8,0
2020-02-25 10:59:00,0.1,9.3,32.4,51
2020-02-25 12:55:00,0.1,14.5,40.0,51
2020-02-25 13:56:00,3.6,14.0,36.0,63
2020-02-25 14:34:00,2.4,9.2,37.4,61
2020-02-25 15:27:00,4.6,15.1,32.8,63
2020-02-25 20:52:00,1.4,5.6,15.5,61
2020-02-25 21:38:00,0.3,6.6,9.4,51
2020-02-25 22:07:00,0.2,7.9,16.9,51
2020-02-25 22:31:00,0.3,6.4,13.0,51
2020-02-26 01:49:00,2.7,6.6,22.3,63
2020-02-26 05:25:00,0.0,17.2,29.5,3
2020-02-26 06:32:00,0.0,14.7,28.8,3
2020-02-26 08:31:00,0.0,15.8,29.9,3
2020-02-26 10:54:00,0.5,14.8,34.6,53
2020-02-26 11:44:00,5.8,20.7,40.3,63
2020-02-26 12:31:00,3.5,19.3,45.4,63
2020-02-26 16:56:00,0.7,16.6,37.4,53
2020-02-26 17:36:00,3.1,15.4,46.8,63
2020-02-26 17:48:00,0.9,10.4,36.0,53
2020-02-26 17:53:00,0.4,10.0,41.0,51
2020-02-26 18:20:00,2.9,12.3,37.4,63
2020-02-26 19:17:00,0.3,8.1,22.0,51
2020-02-26 20:22:00,1.5,12.0,26.6,61
2020-02-26 23:47:00,1.8,6.6,24.8,61
2020-02-27 00:24:00,0.5,12.0,30.2,53
2020-02-27 01:24:00,2.2,5.6,10.4,61
2020-02-27 04:13:00,0.1,18.2,32.8,51
2020-02-27 05:19:00,0.0,15.5,36.4,3
2020-02-27 09:13:00,0.0,13.5,47.9,3
2020-02-27 12:25:00,0.1,21.1,40.3,51
2020-02-27 14:44:00,3.2,9.5,29.5,63
2020-02-27 16:29:00,0.7,9.2,29.2,53
2020-02-28 02:02:00,0.0,13.7,26.6,0
2020-02-28 07:36:00,0.0,16.6,32.0,3
2020-02-28 07:44:00,0.0,10.6,17.3,2
2020-02-28 13:27:00,0.0,14.0,30.2,2
2020-02-28 15:07:00,0.1,15.0,31.3,51
2020-02-28 16:18:00,0.0,17.0,32.8,3
2020-02-28 22:44:00,0.0,13.5,34.9,3
2020-02-29 03:19:00,3.2,12.5,29.2,63
2020-02-29 04:31:00,1.6,11.8,25.2,61
2020-02-29 05:16:00,0.8,8.1,20.9,53
2020-02-29 06:04:00,0.0,9.0,18.4,3
2020-02-29 14:06:00,0.3,9.4,26.6,51
2020-02-29 19:21:00,0.0,16.8,32.8,0
2020-02-29 19:25:00,0.1,5.4,10.1,51
2020-02-29 19:33:00,0.0,16.6,33.8,3
2020-03-01 00:13:00,0.0,21.5,43.2,3
2020-03-01 06:21:00,0.0,17.1,31.0,1
2020-03-01 08:00:00,0.0,25.2,50.0,3
2020-03-01 10:06:00,0.0,12.0,29.2,2
2020-03-01 15:23:00,2.0,3.6,20.5,61
2020-03-01 16:11:00,4.7,9.2,26.6,63
2020-03-01 16:33:00,0.1,23.8,50.8,51
2020-03-01 17:46:00,0.1,14.0,34.6,51
2020-03-01 19:16:00,0.0,17.4,34.6,0
2020-03-01 20:00:00,0.0,16.2,29.9,0
2020-03-01 23:18:00,0.0,14.0,28.8,1
2020-03-02 03:31:00,0.5,15.6,41.8,53
2020-03-02 05:38:00,0.0,14.7,28.8,3
2020-03-02 06:24:00,0.0,10.8,20.2,0
2020-03-02 07:21:00,0.0,13.1,28.8,1
2020-03-02 07:48:00,0.0,14.3,24.8,3
2020-03-02 10:11:00,0.0,18.9,41.0,2
2020-03-02 14:56:00,0.2,12.6,31.0,51
2020-03-02 18:56:00,0.1,11.9,24.1,51
2020-03-02 22:39:00,0.0,16.8,32.0,1
2020-03-03 01:18:00,2.3,12.6,28.8,61
2020-03-03 06:48:00,0.0,7.8,15.5,0
2020-03-03 14:46:00,0.1,9.2,23.8,51
2020-03-03 14:58:00,0.0,7.2,19.8,1
2020-03-03 18:05:00,0.0,8.6,23.8,1
2020-03-03 19:50:00,0.0,6.4,12.2,1
2020-03-03 22:44:00,0.0,14.8,28.1,0
2020-03-04 01:24:00,0.0,9.2,24.1,0
2020-03-04 02:02:00,0.0,9.4,15.5,3
2020-03-04 07:21:00,0.0,10.6,18.0,0
2020-03-04 07:24:00,0.0,12.2,20.5,0
2020-03-04 07:45:00,0.0,12.2,20.5,0
2020-03-04 13:14:00,0.0,8.0,24.5,1
2020-03-04 14:59:00,0.0,11.7,27.0,0
2020-03-04 15:36:00,0.0,12.8,31.0,1
2020-03-04 17:41:00,0.0,14.0,27.0,1
2020-03-04 19:18:00,0.0,14.1,31.0,3
2020-03-04 19:19:00,0.0,12.6,24.1,0
2020-03-04 20:07:00,0.0,12.5,31.3,3
2020-03-05 00:03:00,0.0,9.5,19.1,0
2020-03-05 05:47:00,0.0,7.2,14.8,0
2020-03-05 08:08:00,0.0,15.0,32.0,0
2020-03-05 08:33:00,0.0,12.4,26.6,0
2020-03-05 10:56:00,0.0,10.8,26.3,0
2020-03-05 12:50:00,0.0,5.4,20.9,0
2020-03-05 13:08:00,0.0,11.7,27.0,0
2020-03-05 18:28:00,0.0,20.8,34.6,1
2020-03-05 23:10:00,0.0,15.2,30.2,0
2020-03-05 23:53:00,0.0,16.5,32.0,0
2020-03-06 00:30:00,0.0,14.7,29.5,0
2020-03-06 02:01:00,0.0,7.5,16.2,1
2020-03-06 04:18:00,0.0,11.3,27.0,1
2020-03-06 15:41:00,0.1,16.3,36.4,51
2020-03-06 17:50:00,0.0,10.9,26.3,1
2020-03-06 20:30:00,0.0,17.1,33.8,0
2020-03-06 21:14:00,0.0,7.7,14.8,0
2020-03-06 22:21:00,0.0,9.5,19.4,1
2020-03-06 23:07:00,0.0,18.9,34.9,0
2020-03-06 23:14:00,0.0,12.1,25.9,0
2020-03-07 00:59:00,0.0,18.6,33.5,0
2020-03-07 01:08:00,0.0,11.1,22.0,3
2020-03-07 03:12:00,0.0,9.8,21.2,3
2020-03-07 03:28:00,0.0,9.4,17.3,0
2020-03-07 13:48:00,0.0,0.8,15.5,1
2020-03-07 16:04:00,0.1,19.9,42.1,51
2020-03-07 21:02:00,0.0,4.8,13.7,0
2020-03-07 21:32:00,0.0,14.3,32.8,0
2020-03-07 22:19:00,0.0,10.1,19.4,0
2020-03-07 22:47:00,0.0,13.8,33.1,0
2020-03-08 01:04:00,0.0,8.6,16.9,0
2020-03-08 02:52:00,0.0,7.5,16.6,1
2020-03-08 05:45:00,0.0,11.8,22.7,0
2020-03-08 08:14:00,0.0,10.1,24.5,0
2020-03-08 14:39:00,0.0,6.9,22.3,1
2020-03-08 15:37:00,0.4,6.5,28.1,51
2020-03-08 17:10:00,0.0,5.9,13.3,3
2020-03-08 17:52:00,0.0,4.7,10.8,3
2020-03-08 18:39:00,0.0,8.8,15.5,3
2020-03-08 20:13:00,0.0,13.3,22.3,0
2020-03-08 22:54:00,0.0,19.0,34.2,0
2020-03-08 23:02:00,0.0,6.9,13.0,0
2020-03-08 23:11:00,0.0,9.5,19.8,0
2020-03-09 02:56:00,0.0,2.6,7.9,0
2020-03-09 05:49:00,0.0,10.6,23.4,0
2020-03-09 07:15:00,0.1,9.2,18.7,51
2020-03-09 07:18:00,0.0,10.4,18.7,1
2020-03-09 07:43:00,0.0,8.0,14.0,0
2020-03-09 08:00:00,0.0,11.5,25.2,0
2020-03-09 08:07:00,0.0,10.3,24.8,3
2020-03-09 08:12:00,0.1,10.8,22.7,51
2020-03-09 08:28:00,0.0,8.6,18.4,0
2020-03-09 08:30:00,0.0,10.2,22.0,0
2020-03-09 09:15:00,0.0,9.7,22.0,0
2020-03-09 11:13:00,0.1,4.1,18.4,51
2020-03-09 12:52:00,0.1,4.1,21.2,51
2020-03-09 12:52:00,0.0,6.6,20.5,0
2020-03-09 13:34:00,0.0,3.7,17.3,1
2020-03-09 14:23:00,0.0,0.5,14.4,1
2020-03-09 15:11:00,0.0,3.8,13.7,1
2020-03-09 19:14:00,0.0,16.1,28.1,0
2020-03-09 20:22:00,0.0,7.3,13.3,0
2020-03-10 04:00:00,0.0,9.4,19.1,0
2020-03-10 06:45:00,0.0,9.0,14.4,3
2020-03-10 06:49:00,0.0,9.0,16.2,3
2020-03-10 08:15:00,0.0,2.9,11.2,0
2020-03-10 08:18:00,0.0,14.7,33.8,0
2020-03-10 08:22:00,0.0,11.8,25.9,0
2020-03-10 11:30:00,0.0,5.2,19.1,0
2020-03-10 14:00:00,0.0,5.8,17.6,1
2020-03-10 14:01:00,0.1,3.5,18.7,51
2020-03-10 16:59:00,0.0,4.0,12.2,1
2020-03-10 18:11:00,0.0,16.4,36.4,1
2020-03-10 18:14:00,0.0,5.8,12.2,0
2020-03-10 19:23:00,0.0,15.2,22.0,0
2020-03-10 22:11:00,0.0,14.0,29.9,0
2020-03-11 06:37:00,0.0,7.6,13.3,0
2020-03-11 07:19:00,0.0,9.6,16.6,0
2020-03-11 07:32:00,0.0,17.6,31.0,1
2020-03-11 07:48:00,0.0,12.4,22.3,0
2020-03-11 08:41:00,0.0,6.6,18.7,2
2020-03-11 09:05:00,0.0,11.0,27.4,0
2020-03-11 09:42:00,0.0,6.8,24.5,2
2020-03-11 10:38:00,0.0,3.9,16.9,0
2020-03-11 11:06:00,0.0,4.5,18.7,0
2020-03-11 11:14:00,0.0,4.5,18.7,0
2020-03-11 18:02:00,0.0,8.5,17.3,0
2020-03-11 18:21:00,0.0,8.5,17.3,0
2020-03-11 18:43:00,0.0,3.8,13.0,1
2020-03-11 19:35:00,0.0,7.8,12.2,0
2020-03-12 00:07:00,0.0,22.3,40.3,0
2020-03-12 01:11:00,0.0,10.5,23.8,1
2020-03-12 04:01:00,0.0,6.9,18.7,0
2020-03-12 06:06:00,0.0,8.1,18.0,0
2020-03-12 07:10:00,0.0,9.3,18.4,0
2020-03-12 08:06:00,0.0,7.2,20.2,0
2020-03-12 08:10:00,0.0,5.5,14.0,0
2020-03-12 08:14:00,0.0,3.4,14.4,0
2020-03-12 11:41:00,0.0,4.9,17.6,0
2020-03-12 12:36:00,0.0,3.6,18.7,1
2020-03-12 13:38:00,0.0,4.2,15.8,1
2020-03-12 13:58:00,0.0,4.2,15.8,1
2020-03-12 14:33:00,0.0,9.9,22.0,1
2020-03-12 16:26:00,0.0,7.8,16.9,1
2020-03-12 16:42:00,0.0,8.7,19.1,1
2020-03-12 17:25:00,0.0,9.9,19.8,1
2020-03-12 17:34:00,0.0,10.1,19.1,0
2020-03-12 19:29:00,0.0,17.7,34.9,0
2020-03-12 20:27:00,0.0,18.9,35.3,0
2020-03-12 20:41:00,0.0,7.3,13.3,0
2020-03-12 23:56:00,0.0,6.1,14.8,2
2020-03-13 06:22:00,0.0,3.1,8.6,3
2020-03-13 06:44:00,0.0,4.9,11.2,3
2020-03-13 06:47:00,0.0,4.0,9.0,0
2020-03-13 06:53:00,0.0,9.8,18.7,0
2020-03-13 07:48:00,0.0,12.0,21.6,0
2020-03-13 07:52:00,0.0,7.9,16.9,3
2020-03-13 08:00:00,0.0,12.3,26.6,0
2020-03-13 08:45:00,0.0,2.7,11.9,0
2020-03-13 08:46:00,0.0,5.5,16.9,0
2020-03-13 08:48:00,0.0,2.7,11.9,0
2020-03-13 09:46:00,0.0,1.6,11.2,0
2020-03-13 10:49:00,0.0,3.7,15.5,0
2020-03-13 10:56:00,0.0,3.7,15.5,0
2020-03-13 10:58:00,0.0,3.7,15.5,0
2020-03-13 15:51:00,0.0,6.1,20.5,0
2020-03-13 17:06:00,0.0,8.3,16.9,0
2020-03-13 17:58:00,0.0,5.4,16.2,0
2020-03-13 21:10:00,0.0,8.5,14.8,0
2020-03-13 23:18:00,0.0,8.5,19.1,0
2020-03-13 23:34:00,0.0,7.6,12.6,0
2020-03-14 05:14:00,0.0,8.4,18.0,1
2020-03-14 07:11:00,0.0,10.4,16.9,2
2020-03-14 07:57:00,0.0,11.5,21.2,0
2020-03-14 09:20:00,0.0,9.5,23.0,0
2020-03-14 10:24:00,0.0,4.7,18.0,0
2020-03-14 16:08:00,0.0,5.6,14.8,1
2020-03-14 16:29:00,0.0,12.4,24.8,1
2020-03-14 16:37:00,0.0,5.6,15.1,1
2020-03-14 21:13:00,0.0,10.0,22.0,1
2020-03-14 22:07:00,0.0,19.7,35.3,0
2020-03-15 00:28:00,0.0,10.9,27.0,0
2020-03-15 00:58:00,0.0,17.1,34.2,0
2020-03-15 03:07:00,0.0,5.8,9.4,0
2020-03-15 07:40:00,0.0,6.1,13.0,0
2020-03-15 08:02:00,0.0,6.8,16.9,0
2020-03-15 09:55:00,0.0,5.5,17.6,0
2020-03-15 13:28:00,0.0,8.0,25.6,1
2020-03-15 14:10:00,0.0,6.4,22.3,2
2020-03-15 22:40:00,0.1,4.2,9.7,51
2020-03-16 00:29:00,0.0,11.8,32.4,1
2020-03-16 05:52:00,0.0,5.4,10.1,0
2020-03-16 07:50:00,0.0,6.9,13.0,0
2020-03-16 10:21:00,0.0,6.5,19.8,0
2020-03-16 11:05:00,0.2,6.9,23.0,51
2020-03-16 11:39:00,0.0,11.3,28.1,1
2020-03-16 11:55:00,0.2,6.9,23.0,51
2020-03-16 12:23:00,0.0,11.5,28.8,1
2020-03-16 12:32:00,0.0,11.7,31.0,1
2020-03-16 14:03:00,0.0,7.1,27.4,0
2020-03-16 15:44:00,0.0,10.3,23.0,1
2020-03-16 15:54:00,0.0,6.9,22.7,1
2020-03-16 17:19:00,0.0,6.1,22.3,2
2020-03-17 01:35:00,0.0,4.8,8.6,1
2020-03-17 01:40:00,0.8,5.2,11.5,53
2020-03-17 06:05:00,0.0,5.6,11.2,2
2020-03-17 06:30:00,0.0,3.9,9.0,3
2020-03-17 07:49:00,0.0,4.0,9.0,1
2020-03-17 07:59:00,0.0,7.2,13.0,3
2020-03-17 08:08:00,0.0,5.2,15.5,0
2020-03-17 08:18:00,0.0,2.0,10.4,1
2020-03-17 08:24:00,0.0,2.9,11.9,1
2020-03-17 09:04:00,0.0,7.3,21.2,0
2020-03-17 10:16:00,0.0,10.9,27.4,0
2020-03-17 13:54:00,0.0,7.3,22.0,2
2020-03-17 14:13:00,3.2,18.0,32.0,63
2020-03-17 14:45:00,0.0,2.4,25.2,2
2020-03-17 18:07:00,0.0,3.2,10.4,2
2020-03-17 18:52:00,0.5,16.4,28.4,53
2020-03-17 19:22:00,0.2,17.1,31.0,51
2020-03-17 23:54:00,0.0,8.9,18.7,1
2020-03-18 07:18:00,0.0,5.8,11.2,0
2020-03-18 09:06:00,0.0,8.6,19.1,0
2020-03-18 10:07:00,0.0,7.4,21.6,0
2020-03-18 10:33:00,0.0,4.0,15.5,0
2020-03-18 15:57:00,4.3,14.0,33.5,63
2020-03-18 17:10:00,0.0,12.3,26.3,2
2020-03-18 18:51:00,0.0,3.8,15.1,3
2020-03-18 19:00:00,0.0,4.8,6.1,3
2020-03-18 19:04:00,0.0,4.8,6.1,3
2020-03-18 23:26:00,0.0,5.2,14.0,3
2020-03-19 02:24:00,0.0,3.1,6.5,2
2020-03-19 07:07:00,0.0,5.7,11.5,2
2020-03-19 07:26:00,0.0,5.9,11.2,3
2020-03-19 08:11:00,0.0,3.0,9.0,3
2020-03-19 10:50:00,0.0,8.2,18.4,1
2020-03-19 11:04:00,0.1,7.0,27.4,51
2020-03-19 11:08:00,0.0,11.5,26.6,2
2020-03-19 11:38:00,0.0,10.4,23.4,3
2020-03-19 12:38:00,0.2,7.3,26.3,51
2020-03-19 19:22:00,0.0,4.3,15.8,3
2020-03-19 21:13:00,0.0,7.4,18.0,1
2020-03-20 00:14:00,0.0,5.9,9.7,3
2020-03-20 00:27:00,0.3,4.6,13.3,51
2020-03-20 03:43:00,0.3,0.7,3.6,51
2020-03-20 06:57:00,0.0,5.5,11.5,3
2020-03-20 07:18:00,0.0,8.5,15.5,3
2020-03-20 07:56:00,0.0,8.5,15.5,3
2020-03-20 07:56:00,0.0,8.5,15.5,3
2020-03-20 12:13:00,0.2,10.2,32.0,51
2020-03-20 13:35:00,0.1,11.1,29.9,51
2020-03-20 14:31:00,0.2,14.3,36.0,51
2020-03-20 17:35:00,0.0,8.3,22.3,3
2020-03-20 17:40:00,0.2,6.7,23.8,51
2020-03-20 18:05:00,1.6,7.4,28.8,61
2020-03-20 18:15:00,1.6,7.4,28.8,61
2020-03-20 20:02:00,2.5,5.9,14.8,63
2020-03-20 21:48:00,0.7,9.4,19.1,53
2020-03-20 23:50:00,0.1,6.6,11.9,51
2020-03-21 01:11:00,0.0,5.8,11.9,3
2020-03-21 04:13:00,0.3,3.3,9.7,51
2020-03-21 06:41:00,0.0,14.7,28.1,3
2020-03-21 08:17:00,0.0,15.1,29.9,3
2020-03-21 08:24:00,0.1,4.6,13.7,51
2020-03-21 08:47:00,0.0,16.6,31.0,1
2020-03-21 08:49:00,0.1,11.7,24.8,51
2020-03-21 10:51:00,2.2,6.7,15.5,61
2020-03-21 13:21:00,0.0,19.9,42.1,3
2020-03-21 15:53:00,0.0,12.1,26.6,2
2020-03-21 18:31:00,0.0,16.2,35.3,0
2020-03-21 19:51:00,0.0,17.6,31.7,0
2020-03-21 22:43:00,0.0,14.9,28.1,0
2020-03-22 06:21:00,0.0,9.7,19.8,0
2020-03-22 10:55:00,0.0,11.2,25.9,0
2020-03-22 13:28:00,0.0,14.1,31.0,0
2020-03-22 13:52:00,1.8,6.1,19.4,61
2020-03-22 14:04:00,0.0,8.5,23.4,1
2020-03-22 15:11:00,0.0,11.4,25.6,3
2020-03-22 17:55:00,0.0,11.0,27.7,0
2020-03-22 19:09:00,0.0,23.2,43.2,0
2020-03-22 21:38:00,0.0,5.2,8.6,0
2020-03-23 07:30:00,0.0,10.6,21.6,0
2020-03-23 15:12:00,0.0,8.2,21.6,1
2020-03-23 15:52:00,0.0,7.8,21.6,1
2020-03-23 18:21:00,0.0,8.6,20.9,2
2020-03-24 00:11:00,0.0,16.2,31.0,0
2020-03-24 05:02:00,0.0,10.3,23.4,0
2020-03-24 05:31:00,0.0,12.8,23.4,0
2020-03-24 05:53:00,0.0,9.0,11.5,0
2020-03-24 09:45:00,0.0,14.2,32.0,0
2020-03-24 10:01:00,0.0,2.3,14.8,0
2020-03-24 11:15:00,0.0,15.2,36.7,1
2020-03-24 18:05:00,0.0,14.4,34.9,0
2020-03-24 19:19:00,0.0,7.2,14.0,0
2020-03-25 00:08:00,0.0,13.9,25.6,0
2020-03-25 01:05:00,0.0,13.7,25.9,0
2020-03-25 05:01:00,0.0,14.8,29.5,0
2020-03-25 14:25:00,0.0,3.1,14.0,0
2020-03-25 14:51:00,0.0,9.3,23.8,2
2020-03-25 18:34:00,0.0,6.9,14.0,0
2020-03-25 19:26:00,0.0,12.7,22.7,0
2020-03-25 21:40:00,0.0,10.8,19.1,0
2020-03-25 21:49:00,0.0,9.3,18.4,0
2020-03-25 23:16:00,0.0,10.7,20.9,0
2020-03-26 07:11:00,0.0,7.1,12.6,0
2020-03-26 11:48:00,0.0,2.9,18.0,0
2020-03-26 13:13:00,0.0,5.0,23.8,3
2020-03-26 14:42:00,0.0,1.1,13.7,2
2020-03-26 15:10:00,0.0,4.0,14.0,1
2020-03-26 17:19:00,0.0,16.4,40.0,0
2020-03-26 17:48:00,0.0,21.4,36.7,0
2020-03-26 21:37:00,0.0,24.6,46.4,0
2020-03-27 07:37:00,0.0,9.2,16.9,2
2020-03-27 11:09:00,0.0,6.7,22.0,2
2020-03-27 13:23:00,0.0,5.8,23.0,3
2020-03-27 15:33:00,0.0,6.1,23.4,3
2020-03-27 16:03:00,0.0,3.3,11.9,2
2020-03-27 16:47:00,0.0,13.1,26.3,3
2020-03-27 17:25:00,0.0,8.9,17.6,3
2020-03-27 17:38:00,0.0,8.9,17.6,3
2020-03-28 07:21:00,0.0,7.1,11.9,0
2020-03-28 10:43:00,0.0,5.1,19.4,0
2020-03-28 15:42:00,0.0,4.4,20.9,1
2020-03-28 16:02:00,0.0,6.2,18.4,2
2020-03-28 20:45:00,0.1,8.2,17.3,51
2020-03-29 09:29:00,0.5,6.8,22.0,53
2020-03-29 11:43:00,0.3,3.9,20.2,51
2020-03-29 11:59:00,0.1,3.5,22.7,51
2020-03-29 12:22:00,0.0,3.1,23.4,3
2020-03-29 12:45:00,0.1,2.6,21.2,51
2020-03-29 17:52:00,0.5,7.6,15.5,53
2020-03-29 18:16:00,0.4,4.8,11.9,51
2020-03-30 06:09:00,0.0,5.6,9.7,3
2020-03-30 10:27:00,0.0,6.3,15.8,3
2020-03-30 15:35:00,0.0,5.8,19.1,1
2020-03-30 16:23:00,0.2,12.0,29.9,51
2020-03-30 19:14:00,0.0,13.0,32.4,1
2020-03-30 22:10:00,0.0,5.1,9.7,1
2020-03-31 08:26:00,0.0,7.6,18.4,0
2020-03-31 08:48:00,0.0,4.7,13.3,3
2020-03-31 09:15:00,0.0,1.6,14.8,2
2020-03-31 13:33:00,0.1,9.5,24.5,51
2020-03-31 15:35:00,0.0,7.1,19.8,1
2020-03-31 16:24:00,0.0,7.1,22.0,2
2020-03-31 16:37:00,0.0,16.2,33.1,1
2020-03-31 22:08:00,0.0,10.0,23.8,0
2020-04-01 00:04:00,0.0,7.1,13.3,0
2020-04-01 10:15:00,0.0,0.5,13.3,0
2020-04-01 10:26:00,0.0,6.1,22.0,1
2020-04-01 12:20:00,0.0,11.2,29.5,1
2020-04-01 15:57:00,0.0,10.2,24.8,1
2020-04-01 19:44:00,0.0,17.5,31.7,1
2020-04-01 21:31:00,0.0,10.2,24.8,0
2020-04-02 14:10:00,0.1,16.3,42.5,51
2020-04-02 14:45:00,0.1,17.1,43.2,51
2020-04-02 14:55:00,0.0,25.0,49.0,2
2020-04-02 16:15:00,0.0,19.4,41.4,1
2020-04-02 17:08:00,0.0,15.5,40.7,1
2020-04-02 17:39:00,0.0,12.4,35.6,1
2020-04-02 19:33:00,0.0,11.7,20.2,0
2020-04-02 21:01:00,0.0,6.1,15.8,0
2020-04-03 05:49:00,0.0,6.9,11.9,1
2020-04-03 09:27:00,0.0,20.4,34.6,1
2020-04-03 12:53:00,0.1,16.0,43.9,51
2020-04-03 15:33:00,0.2,27.0,63.0,51
2020-04-03 16:00:00,0.0,15.9,47.2,2
2020-04-03 18:37:00,0.0,10.1,28.4,1
2020-04-03 20:37:00,0.0,10.3,19.1,0
2020-04-03 22:13:00,0.0,7.7,13.7,2
2020-04-04 07:05:00,0.0,7.2,14.0,1
2020-04-04 13:05:00,0.0,4.7,18.0,0
2020-04-04 14:20:00,0.0,6.9,22.0,0
2020-04-04 15:30:00,0.0,6.3,23.8,0
2020-04-04 18:49:00,0.0,14.7,37.4,0
2020-04-04 20:30:00,0.0,18.1,27.7,0
2020-04-04 22:54:00,0.0,20.8,36.7,0
2020-04-04 23:29:00,0.0,13.5,23.0,0
2020-04-04 23:50:00,0.0,13.5,23.0,0
2020-04-05 06:04:00,0.0,13.3,24.1,0
2020-04-05 11:04:00,0.0,4.8,23.8,0
2020-04-05 18:34:00,0.0,12.5,26.3,0
2020-04-05 18:50:00,0.0,9.7,20.5,0
2020-04-05 19:09:00,0.0,6.3,14.8,0
2020-04-05 19:28:00,0.0,10.8,25.2,0
2020-04-06 07:19:00,0.0,2.5,5.0,0
2020-04-06 16:54:00,0.0,9.5,27.4,0
2020-04-06 19:28:00,0.0,6.6,10.1,0
2020-04-06 23:03:00,0.0,0.8,7.6,3
2020-04-07 00:03:00,0.0,8.6,13.3,3
2020-04-07 00:38:00,0.0,9.4,14.8,3
2020-04-07 08:12:00,0.2,10.1,18.7,51
2020-04-07 19:05:00,0.1,10.2,20.5,51
2020-04-07 19:06:00,0.1,10.2,20.5,51
2020-04-07 19:19:00,0.1,10.2,20.5,51
2020-04-07 20:30:00,0.9,15.7,28.1,53
2020-04-07 22:17:00,0.0,15.2,28.8,3
2020-04-08 07:50:00,0.0,13.9,24.5,2
2020-04-08 08:09:00,0.0,17.5,33.5,1
2020-04-08 08:56:00,0.0,9.8,22.0,3
2020-04-08 08:59:00,0.0,10.7,24.5,2
2020-04-08 14:24:00,0.0,10.8,29.2,3
2020-04-08 20:21:00,0.0,14.8,28.4,0
2020-04-09 04:54:00,0.0,16.1,29.5,2
2020-04-09 07:35:00,0.0,13.2,22.7,0
2020-04-09 17:47:00,0.0,11.3,24.5,0
2020-04-09 18:42:00,0.0,7.7,20.2,0
2020-04-10 02:03:00,0.0,7.1,15.5,0
2020-04-10 02:50:00,0.0,15.9,28.4,0
2020-04-10 11:06:00,0.0,7.2,22.0,0
2020-04-10 11:12:00,0.0,8.3,26.6,0
2020-04-10 13:04:00,0.0,4.2,17.3,0
2020-04-11 00:26:00,0.0,7.3,14.8,0
2020-04-11 15:31:00,0.0,19.1,40.7,0
2020-04-11 16:21:00,0.0,11.6,26.6,0
2020-04-11 18:58:00,0.0,23.0,42.5,0
2020-04-11 22:16:00,0.0,12.7,31.0,3
2020-04-11 23:26:00,0.0,13.0,28.8,0
2020-04-12 01:01:00,0.0,13.0,24.1,0
2020-04-12 05:55:00,0.0,16.2,32.0,3
2020-04-12 12:26:00,0.0,10.2,28.4,0
2020-04-12 20:02:00,0.0,9.2,22.3,0
2020-04-12 21:52:00,0.0,20.0,41.0,0
2020-04-12 23:07:00,0.0,11.8,25.2,0
2020-04-12 23:14:00,0.0,22.2,40.0,0
2020-04-13 05:07:00,0.0,8.4,15.8,0
2020-04-13 10:08:00,0.0,6.5,23.8,0
2020-04-13 12:10:00,0.0,1.0,16.6,0
2020-04-13 12:36:00,0.0,1.0,16.6,0
2020-04-13 13:19:00,0.0,3.0,18.4,0
2020-04-13 13:42:00,0.2,4.5,18.4,51
2020-04-13 14:14:00,0.1,4.8,18.7,51
2020-04-13 15:21:00,0.0,10.3,26.6,0
2020-04-13 16:43:00,0.0,12.3,28.1,0
2020-04-13 18:20:00,0.0,6.5,16.6,1
2020-04-13 18:57:00,0.0,15.3,35.3,0
2020-04-14 08:47:00,0.0,9.8,22.7,1
2020-04-14 09:05:00,0.0,8.3,25.6,0
2020-04-14 11:35:00,0.7,13.7,32.8,53
2020-04-14 11:58:00,1.3,6.1,31.3,61
2020-04-14 15:48:00,0.2,22.7,52.2,51
2020-04-14 17:36:00,0.1,7.3,30.6,51
2020-04-14 18:39:00,0.0,6.9,23.8,3
2020-04-14 22:09:00,0.0,15.5,31.0,3
2020-04-15 03:48:00,0.0,7.2,13.3,1
2020-04-15 10:57:00,0.1,15.1,33.1,51
2020-04-15 12:04:00,0.0,12.5,27.7,3
2020-04-15 19:06:00,0.0,8.0,22.7,3
2020-04-15 20:45:00,0.0,6.9,14.0,3
2020-04-16 09:28:00,0.0,4.6,14.4,2
2020-04-16 09:39:00,0.0,6.1,21.2,1
2020-04-16 14:17:00,0.0,11.9,29.9,2
2020-04-16 14:43:00,0.0,10.0,27.4,2
2020-04-16 17:29:00,0.0,8.0,27.4,1
2020-04-16 18:09:00,0.0,6.3,13.3,0
2020-04-16 22:14:00,0.0,5.8,10.4,0
2020-04-17 01:47:00,0.0,12.7,22.7,0
2020-04-17 07:46:00,0.0,11.7,18.0,0
2020-04-17 08:41:00,0.0,13.8,26.3,0
2020-04-17 11:25:00,0.0,14.6,33.8,3
2020-04-17 11:27:00,0.0,11.8,32.8,3
2020-04-17 13:25:00,0.0,9.2,24.8,2
2020-04-17 16:23:00,0.0,17.3,36.4,2
2020-04-17 16:27:00,0.0,17.3,36.4,2
2020-04-17 16:31:00,0.0,10.5,23.0,0
2020-04-17 16:48:00,0.0,5.9,16.6,2
2020-04-17 18:03:00,0.0,25.0,44.6,0
2020-04-18 00:46:00,0.0,15.1,30.2,1
2020-04-18 08:05:00,0.0,13.8,28.4,3
2020-04-18 10:07:00,0.0,12.4,29.5,3
2020-04-18 10:57:00,0.0,11.4,29.2,3
2020-04-18 12:48:00,0.0,9.2,26.3,3
2020-04-18 12:53:00,0.0,6.2,25.9,1
2020-04-18 16:06:00,0.0,5.8,14.0,2
2020-04-19 01:55:00,0.0,22.2,42.5,0
2020-04-19 03:42:00,0.0,21.5,39.6,0
2020-04-19 03:48:00,0.0,21.1,37.8,0
2020-04-19 05:35:00,0.0,10.9,21.2,0
2020-04-19 06:42:00,0.0,9.7,18.4,3
2020-04-19 10:51:00,0.0,9.8,25.6,1
2020-04-19 10:58:00,0.0,15.0,37.1,1
2020-04-19 12:11:00,0.0,7.7,22.7,3
2020-04-19 18:55:00,0.0,6.4,9.4,1
2020-04-19 20:43:00,0.0,13.8,26.3,2
2020-04-19 21:31:00,0.0,19.2,37.8,0
2020-04-20 00:36:00,0.0,12.2,23.8,3
2020-04-20 08:49:00,0.0,18.4,36.0,0
2020-04-20 19:56:00,0.0,18.1,38.9,0
2020-04-20 20:36:00,0.0,22.0,42.8,0
2020-04-21 07:56:00,0.0,9.3,17.6,0
2020-04-21 08:42:00,0.0,3.9,13.7,1
2020-04-21 10:45:00,0.0,3.1,15.5,0
2020-04-21 14:59:00,0.0,10.2,26.6,1
2020-04-21 19:21:00,0.0,13.7,35.6,2
2020-04-21 22:14:00,0.0,12.2,27.4,0
2020-04-22 04:44:00,0.0,10.1,19.8,0
2020-04-22 19:01:00,0.0,7.8,10.1,0
2020-04-23 00:21:00,0.0,17.9,31.7,0
2020-04-23 01:07:00,0.0,9.0,19.4,0
2020-04-23 06:09:00,0.0,6.5,10.4,0
2020-04-23 06:23:00,0.0,9.0,19.1,3
2020-04-23 08:54:00,0.0,5.9,15.1,0
2020-04-23 17:16:00,0.0,5.1,15.5,0
2020-04-23 19:26:00,0.0,21.4,33.8,0
2020-04-23 19:52:00,0.0,7.6,11.9,0
2020-04-23 21:05:00,0.0,7.2,11.5,0
2020-04-23 22:00:00,0.0,13.3,31.0,0
2020-04-24 01:51:00,0.0,11.7,28.1,1
2020-04-24 07:56:00,0.0,5.8,9.4,0
2020-04-24 10:23:00,0.0,8.9,23.8,0
2020-04-24 14:29:00,0.0,7.0,24.8,1
2020-04-24 15:57:00,0.0,1.1,12.6,2
2020-04-24 17:07:00,0.0,18.2,35.3,0
2020-04-24 18:18:00,0.0,15.5,31.3,0
2020-04-24 19:38:00,0.0,11.4,21.2,0
2020-04-24 20:06:00,0.0,12.8,24.5,0
2020-04-24 20:41:00,0.0,13.8,25.9,3
2020-04-24 21:56:00,0.0,9.7,19.4,0
2020-04-25 06:55:00,0.0,7.2,13.0,0
2020-04-25 11:32:00,0.0,6.5,24.1,0
2020-04-25 17:49:00,0.0,5.0,14.0,0
2020-04-25 18:42:00,0.0,4.0,4.3,0
2020-04-25 19:05:00,0.0,0.8,9.0,0
2020-04-25 19:25:00,0.0,4.7,5.4,0
2020-04-25 19:44:00,0.0,12.1,24.5,0
2020-04-25 23:52:00,0.0,6.5,15.1,0
2020-04-26 04:18:00,0.0,6.8,11.9,0
2020-04-26 17:01:00,0.0,16.4,35.6,0
2020-04-26 20:03:00,0.0,19.1,34.9,0
2020-04-26 21:16:00,0.0,7.9,12.2,0
2020-04-26 23:45:00,0.0,20.1,33.8,0
2020-04-27 01:03:00,0.0,11.0,23.0,0
2020-04-27 01:40:00,0.0,16.3,33.5,1
2020-04-27 06:49:00,0.0,14.3,27.7,0
2020-04-27 17:48:00,0.0,13.3,31.7,0
2020-04-27 19:47:00,0.0,22.3,40.7,0
2020-04-27 20:35:00,0.0,12.1,22.0,0
2020-04-27 23:22:00,0.0,10.8,22.7,0
2020-04-27 23:59:00,0.0,7.2,14.4,2
2020-04-28 00:21:00,0.0,6.8,11.5,0
2020-04-28 07:00:00,0.0,7.6,10.1,0
2020-04-28 10:38:00,0.0,15.5,34.6,0
2020-04-28 11:04:00,0.0,11.4,34.9,1
2020-04-28 13:10:00,0.0,12.3,30.2,0
2020-04-28 16:07:00,0.0,6.6,18.4,0
2020-04-28 16:07:00,0.0,11.2,27.7,0
2020-04-28 17:22:00,0.0,5.2,16.6,0
2020-04-28 17:44:00,0.0,3.7,11.9,0
2020-04-28 18:44:00,0.0,10.6,18.4,0
2020-04-28 20:34:00,0.0,5.3,9.4,0
2020-04-28 23:00:00,0.0,1.5,2.9,0
2020-04-28 23:14:00,0.0,8.3,16.9,0
2020-04-28 23:43:00,0.0,4.8,11.5,0
2020-04-28 23:43:00,0.0,4.8,11.5,0
2020-04-29 00:42:00,0.0,3.3,5.0,0
2020-04-29 05:59:00,0.0,7.8,15.1,0
2020-04-29 07:21:00,0.0,9.9,15.5,0
2020-04-29 07:32:00,0.0,5.0,13.7,0
2020-04-29 08:08:00,0.0,6.0,14.4,0
2020-04-29 10:48:00,0.0,10.6,26.3,0
2020-04-29 12:55:00,0.0,9.7,29.9,0
2020-04-29 12:59:00,0.0,9.3,27.0,0
2020-04-29 13:23:00,0.0,10.2,27.7,0
2020-04-29 15:53:00,0.0,10.0,25.9,0
2020-04-29 16:03:00,0.0,2.7,14.4,0
2020-04-29 17:38:00,0.0,6.4,23.0,0
2020-04-29 22:35:00,0.0,5.9,11.9,2
2020-04-30 03:26:00,0.0,5.9,10.1,3
2020-04-30 11:48:00,0.0,8.0,22.7,3
2020-04-30 13:50:00,0.0,5.4,20.5,3
2020-04-30 14:40:00,0.0,3.7,18.4,3
2020-04-30 20:24:00,0.0,6.2,11.9,0
2020-04-30 20:58:00,0.0,3.7,5.4,0
2020-04-30 21:16:00,0.0,6.1,15.1,0
2020-04-30 21:38:00,0.0,6.6,5.8,0
2020-04-30 21:39:00,0.0,7.7,7.6,0
2020-04-30 22:23:00,0.0,8.1,11.2,0
2020-05-01 04:10:00,0.0,6.5,11.9,0
2020-05-01 10:12:00,0.0,4.6,16.9,0
2020-05-01 12:39:00,0.0,0.5,14.0,0
2020-05-01 19:41:00,0.0,6.0,10.1,1
2020-05-01 20:51:00,0.0,7.1,7.9,1
2020-05-01 21:44:00,0.0,7.4,16.9,0
2020-05-02 04:38:00,0.0,3.6,8.3,0
2020-05-02 06:51:00,0.0,8.9,15.8,0
2020-05-02 07:19:00,0.0,10.3,16.2,0
2020-05-02 12:57:00,0.0,14.1,31.0,0
2020-05-02 16:09:00,0.0,12.7,29.2,2
2020-05-02 17:56:00,0.0,12.7,26.6,1
2020-05-02 19:07:00,0.0,8.0,10.8,0
2020-05-03 00:07:00,0.0,13.4,24.8,0
2020-05-03 01:55:00,0.0,21.1,40.7,1
2020-05-03 02:09:00,0.0,22.0,41.4,3
2020-05-03 08:53:00,0.0,12.3,25.9,0
2020-05-03 12:05:00,0.0,3.8,16.6,0
2020-05-03 15:39:00,0.0,12.8,28.4,0
2020-05-03 17:57:00,0.0,6.9,17.3,0
2020-05-03 23:52:00,0.0,9.5,18.7,0
2020-05-04 01:08:00,0.0,12.5,25.9,0
2020-05-04 05:55:00,0.0,11.5,22.7,0
2020-05-04 12:27:00,0.0,7.2,21.2,0
2020-05-04 15:51:00,0.0,8.5,21.2,0
2020-05-04 18:24:00,0.0,2.6,5.0,0
2020-05-04 21:15:00,0.0,1.9,5.0,0
2020-05-04 23:55:00,0.0,4.0,13.0,2
2020-05-05 06:09:00,0.0,3.6,12.6,3
2020-05-05 17:36:00,0.0,14.0,30.2,3
2020-05-05 18:12:00,0.0,14.2,28.4,3
2020-05-05 19:11:00,0.0,10.9,26.3,3
2020-05-05 20:05:00,0.0,8.4,14.4,3
2020-05-05 21:14:00,0.0,4.7,10.8,3
2020-05-05 22:59:00,0.0,3.2,4.7,3
2020-05-06 03:47:00,0.0,6.8,9.4,2
2020-05-06 05:36:00,0.0,3.7,6.1,3
2020-05-06 07:05:00,0.0,1.6,3.6,3
2020-05-06 10:59:00,0.0,8.6,22.3,1
2020-05-06 14:19:00,0.0,18.2,36.4,3
2020-05-06 16:51:00,0.0,15.8,37.4,2
2020-05-06 17:04:00,0.0,6.7,26.3,3
2020-05-06 18:54:00,0.0,7.0,16.6,2
2020-05-06 19:10:00,0.1,10.9,25.9,51
2020-05-06 19:18:00,0.0,12.9,30.2,3
2020-05-06 19:26:00,0.1,10.9,25.9,51
2020-05-06 19:52:00,0.0,7.5,10.8,2
2020-05-06 21:34:00,0.1,13.4,23.8,51
2020-05-07 07:26:00,0.0,13.6,23.8,3
2020-05-07 10:05:00,0.2,21.1,43.9,51
2020-05-07 11:38:00,0.0,21.9,47.9,3
2020-05-07 14:34:00,0.0,18.2,38.5,3
2020-05-07 16:54:00,0.0,18.1,37.4,3
2020-05-07 18:09:00,0.0,14.7,33.5,2
2020-05-07 21:12:00,0.0,18.1,33.8,0
2020-05-07 21:21:00,0.0,14.8,30.2,2
2020-05-08 00:45:00,0.0,15.7,34.6,3
2020-05-08 02:25:00,0.0,15.2,29.5,1
2020-05-08 08:14:00,0.0,13.8,28.8,2
2020-05-08 08:26:00,0.0,13.8,28.8,2
2020-05-08 13:22:00,0.0,7.6,25.2,0
2020-05-08 16:21:00,0.0,12.8,27.0,0
2020-05-08 17:32:00,0.0,6.3,15.5,0
2020-05-08 17:45:00,0.0,8.2,18.0,0
2020-05-08 18:48:00,0.0,10.4,20.9,0
2020-05-08 19:30:00,0.0,11.9,27.0,0
2020-05-08 19:32:00,0.0,19.2,30.6,0
2020-05-08 19:44:00,0.0,20.9,38.9,0
2020-05-08 19:53:00,0.0,20.9,38.9,0
2020-05-09 03:59:00,0.0,16.2,29.9,0
2020-05-09 04:27:00,0.0,18.6,33.5,0
2020-05-09 04:27:00,0.0,18.6,33.5,0
2020-05-09 08:30:00,0.0,6.0,16.2,0
2020-05-09 10:42:00,0.0,8.7,25.9,0
2020-05-09 11:36:00,0.0,7.9,25.9,0
2020-05-09 14:43:00,0.0,5.8,21.6,0
2020-05-09 15:29:00,0.0,4.6,16.9,0
2020-05-09 20:03:00,0.0,6.7,18.4,0
2020-05-09 21:53:00,0.0,5.8,14.4,0
2020-05-09 22:58:00,0.0,14.8,25.9,0
2020-05-09 23:56:00,0.0,15.3,27.4,0
2020-05-10 01:18:00,0.0,9.1,13.0,0
2020-05-10 16:13:00,0.0,5.8,19.8,0
2020-05-10 18:43:00,0.0,3.0,8.3,0
2020-05-10 18:50:00,0.0,9.0,11.9,0
2020-05-10 18:56:00,0.0,4.7,6.8,0
2020-05-10 19:50:00,0.0,3.4,7.9,0
2020-05-10 20:40:00,0.0,10.0,18.7,0
2020-05-11 02:23:00,0.0,9.7,18.4,0
2020-05-11 06:20:00,0.0,10.8,20.5,0
2020-05-11 09:27:00,0.0,12.2,28.1,0
2020-05-11 12:08:00,0.0,8.2,23.0,0
2020-05-11 16:18:00,0.0,7.8,23.0,0
2020-05-11 18:05:00,0.0,8.9,11.5,0
2020-05-11 18:24:00,0.0,8.4,12.2,0
2020-05-11 18:33:00,0.0,3.2,4.7,0
2020-05-11 19:41:00,0.0,7.1,9.7,0
2020-05-11 20:55:00,0.0,7.4,13.3,0
2020-05-12 07:44:00,0.0,9.5,16.6,0
2020-05-12 08:02:00,0.0,10.5,20.5,1
2020-05-12 13:03:00,0.0,11.9,28.8,1
2020-05-12 13:53:00,0.0,14.4,33.8,2
2020-05-12 14:37:00,0.0,8.9,23.0,0
2020-05-12 19:21:00,0.0,8.0,11.5,3
2020-05-12 23:15:00,0.0,3.6,6.8,1
2020-05-12 23:40:00,0.0,5.9,11.2,0
2020-05-13 00:46:00,0.0,7.2,13.3,1
2020-05-13 06:08:00,0.0,10.4,18.0,3
2020-05-13 06:38:00,0.0,11.9,22.3,3
2020-05-13 07:46:00,0.0,13.8,27.7,3
2020-05-13 11:45:00,0.0,17.8,36.0,3
2020-05-13 15:57:00,0.0,19.6,40.7,3
2020-05-13 17:33:00,0.0,8.7,30.6,3
2020-05-13 18:36:00,0.0,5.7,16.9,3
2020-05-13 18:58:00,0.0,5.4,13.0,3
2020-05-13 19:07:00,0.0,8.2,14.8,3
2020-05-14 00:56:00,0.0,6.0,10.1,3
2020-05-14 04:38:00,0.0,1.8,4.7,3
2020-05-14 04:56:00,0.0,4.8,9.4,3
2020-05-14 07:09:00,0.0,3.1,7.2,3
2020-05-14 07:52:00,0.0,3.3,7.2,3
2020-05-14 13:43:00,0.1,8.0,33.1,51
2020-05-14 15:55:00,0.2,10.1,29.9,51
2020-05-14 18:31:00,0.5,16.8,28.8,53
2020-05-14 19:12:00,0.3,18.5,33.5,51
2020-05-14 20:05:00,0.1,6.6,17.3,51
2020-05-14 20:06:00,0.1,6.6,17.3,51
2020-05-14 20:07:00,0.1,6.6,17.3,51
2020-05-14 20:08:00,0.1,6.6,17.3,51
2020-05-14 20:10:00,0.1,6.6,17.3,51
2020-05-14 22:24:00,0.0,17.3,31.0,3
2020-05-15 00:07:00,0.0,15.0,27.7,3
2020-05-15 00:18:00,0.0,15.0,27.7,3
2020-05-15 04:08:00,0.0,15.5,28.8,3
2020-05-15 04:38:00,0.0,12.6,23.8,3
2020-05-15 05:14:00,0.0,17.3,30.2,3
2020-05-15 06:15:00,0.0,14.3,24.1,3
2020-05-15 07:37:00,0.0,19.5,36.7,0
2020-05-15 07:49:00,0.0,9.3,17.3,3
2020-05-15 08:24:00,0.0,24.0,43.2,3
2020-05-15 09:01:00,0.0,11.5,23.0,2
2020-05-15 10:58:00,0.0,16.1,31.0,3
2020-05-15 17:01:00,0.0,7.3,20.5,0
2020-05-15 17:34:00,0.0,9.9,23.8,1
2020-05-15 17:53:00,0.0,13.6,28.1,3
2020-05-15 18:12:00,0.0,11.5,24.8,3
2020-05-15 18:29:00,0.0,5.4,13.0,3
2020-05-15 19:07:00,0.0,17.2,29.9,1
2020-05-15 19:38:00,0.0,8.3,14.8,2
2020-05-16 06:48:00,0.0,5.1,10.4,1
2020-05-16 07:26:00,0.0,7.1,11.9,3
2020-05-16 15:23:00,0.0,9.2,22.0,0
2020-05-16 19:01:00,0.0,5.2,11.2,0
2020-05-16 23:25:00,0.0,5.6,14.0,0
2020-05-17 01:38:00,0.0,11.1,21.2,0
2020-05-17 04:11:00,0.0,12.2,23.0,0
2020-05-17 06:06:00,0.0,9.4,13.0,0
2020-05-17 18:49:00,0.0,6.1,8.3,0
2020-05-17 20:20:00,0.0,11.3,20.9,0
2020-05-17 22:25:00,0.0,6.6,11.9,0
2020-05-18 09:05:00,0.0,2.5,12.2,0
2020-05-18 09:14:00,0.0,11.2,25.6,0
2020-05-18 10:44:00,0.0,5.5,18.7,0
2020-05-18 11:55:00,0.0,5.6,19.1,0
2020-05-18 14:39:00,0.0,6.8,20.5,0
2020-05-18 14:44:00,0.0,5.5,18.0,0
2020-05-18 18:26:00,0.0,16.8,25.2,0
2020-05-18 18:46:00,0.0,2.6,5.4,0
2020-05-18 20:54:00,0.0,8.7,16.6,0
2020-05-19 01:12:00,0.0,17.6,32.0,0
2020-05-19 07:40:00,0.0,12.4,22.0,3
2020-05-19 09:00:00,0.0,14.4,33.1,0
2020-05-19 09:26:00,0.0,17.1,35.6,0
2020-05-19 13:07:00,0.0,14.0,28.8,0
2020-05-19 13:42:00,0.0,10.5,25.2,0
2020-05-19 13:49:00,0.0,8.2,23.0,0
2020-05-19 15:13:00,0.0,13.5,30.6,1
2020-05-19 18:36:00,0.0,6.2,10.8,1
2020-05-19 18:58:00,0.0,15.3,33.5,0
2020-05-19 19:02:00,0.0,16.6,29.2,0
2020-05-19 22:27:00,0.0,8.6,16.9,0
2020-05-20 01:20:00,0.0,15.8,29.2,1
2020-05-20 10:20:00,0.0,13.0,29.2,0
2020-05-20 11:40:00,0.0,16.1,40.3,0
2020-05-20 17:23:00,0.0,10.8,24.1,0
2020-05-20 18:30:00,0.0,5.8,16.9,0
2020-05-20 18:45:00,0.0,9.0,19.8,1
2020-05-20 19:26:00,0.0,8.9,15.1,1
2020-05-20 20:40:00,0.0,9.9,16.9,0
2020-05-20 22:02:00,0.0,8.4,11.9,0
2020-05-20 23:38:00,0.0,7.9,14.8,0
2020-05-21 04:19:00,0.0,8.2,11.5,0
2020-05-21 12:35:00,0.0,10.9,28.1,1
2020-05-21 15:07:00,0.0,12.5,30.2,3
2020-05-21 15:45:00,0.0,12.9,29.2,2
2020-05-21 16:34:00,0.0,9.7,26.6,2
2020-05-21 18:05:00,0.0,7.6,14.8,2
2020-05-21 18:18:00,0.0,7.6,16.6,1
2020-05-21 19:05:00,0.0,6.2,10.4,0
2020-05-21 22:07:00,0.0,8.2,16.2,1
2020-05-21 22:38:00,0.0,5.4,5.8,0
2020-05-21 22:40:00,0.0,7.1,13.0,2
2020-05-22 02:16:00,0.0,11.1,21.2,3
2020-05-22 02:46:00,0.0,6.0,17.6,3
2020-05-22 03:58:00,0.0,11.3,21.2,3
2020-05-22 20:30:00,0.0,6.8,12.6,3
2020-05-22 20:57:00,0.0,6.8,12.6,3
2020-05-22 21:21:00,0.0,11.0,20.5,3
2020-05-22 22:13:00,0.0,8.3,14.8,3
2020-05-23 00:35:00,0.0,15.3,26.3,3
2020-05-23 02:04:00,0.0,10.5,31.7,3
2020-05-23 02:58:00,0.0,8.7,20.2,3
2020-05-23 04:50:00,0.4,16.2,27.0,51
2020-05-23 05:15:00,1.4,5.5,25.9,61
2020-05-23 05:36:00,1.5,16.9,33.8,61
2020-05-23 06:33:00,1.9,18.0,40.7,61
2020-05-23 07:01:00,0.4,22.2,44.3,51
2020-05-23 12:51:00,0.1,26.9,59.4,51
2020-05-23 15:33:00,0.0,26.4,49.0,3
2020-05-23 16:24:00,0.0,22.7,54.4,3
2020-05-23 18:56:00,0.0,16.4,34.9,3
2020-05-23 19:35:00,0.0,16.0,33.8,3
2020-05-23 20:14:00,0.2,18.7,33.8,51
2020-05-24 04:08:00,0.0,7.8,15.8,3
2020-05-24 08:58:00,1.0,4.5,24.5,55
2020-05-24 11:21:00,1.3,4.0,31.3,61
2020-05-24 11:47:00,1.3,4.0,31.3,61
2020-05-24 14:41:00,0.0,10.7,24.5,3
2020-05-24 17:38:00,0.0,5.6,17.6,3
2020-05-24 22:53:00,0.0,12.0,25.6,0
2020-05-25 01:19:00,0.0,4.5,10.8,2
2020-05-25 05:30:00,0.0,9.1,15.5,1
2020-05-25 11:25:00,0.0,15.0,32.0,0
2020-05-25 12:02:00,0.0,14.8,32.0,0
2020-05-25 17:55:00,0.0,16.4,41.4,0
2020-05-25 20:58:00,0.0,10.9,19.8,0
2020-05-26 00:29:00,0.0,6.7,11.5,0
2020-05-26 07:48:00,0.0,5.4,10.4,0
2020-05-26 08:15:00,0.0,9.4,21.6,0
2020-05-26 08:39:00,0.0,8.9,19.1,0
2020-05-26 09:34:00,0.0,8.5,20.5,0
2020-05-26 10:14:00,0.0,15.5,35.6,0
2020-05-26 14:50:00,0.0,20.1,37.1,0
2020-05-26 15:30:00,0.0,11.5,26.3,0
2020-05-26 15:51:00,0.0,13.5,28.8,0
2020-05-26 18:20:00,0.0,6.8,13.3,0
2020-05-26 20:59:00,0.0,8.9,12.6,0
2020-05-26 23:38:00,0.0,8.4,12.2,0
2020-05-27 14:31:00,0.0,4.9,17.6,0
2020-05-27 17:09:00,0.0,5.6,11.9,0
2020-05-27 21:45:00,0.0,4.7,9.0,0
2020-05-27 22:20:00,0.0,8.3,15.8,0
2020-05-27 23:48:00,0.0,12.8,27.4,0
2020-05-28 00:22:00,0.0,7.9,15.1,0
2020-05-28 06:48:00,0.0,9.3,17.3,0
2020-05-28 15:49:00,0.0,5.5,15.8,0
2020-05-28 18:31:00,0.0,8.9,12.6,0
2020-05-28 20:20:00,0.0,12.5,19.8,0
2020-05-28 21:05:00,0.0,7.4,16.9,0
2020-05-29 02:49:00,0.0,8.2,17.3,0
2020-05-29 10:02:00,0.0,7.7,21.2,0
2020-05-29 10:11:00,0.0,3.6,15.1,0
2020-05-29 14:12:00,0.0,5.2,19.8,0
2020-05-29 15:17:00,0.0,5.4,16.2,0
2020-05-29 16:57:00,0.0,2.9,14.4,0
2020-05-29 17:28:00,0.0,7.7,14.8,0
2020-05-29 19:14:00,0.0,7.9,11.9,0
2020-05-29 19:43:00,0.0,8.7,14.8,0
2020-05-29 21:05:00,0.0,9.3,14.8,0
2020-05-30 04:05:00,0.0,11.0,14.0,0
2020-05-30 11:30:00,0.0,11.2,26.6,0
2020-05-30 13:20:00,0.0,3.4,17.6,1
2020-05-30 14:27:00,0.0,6.8,23.4,0
2020-05-30 16:32:00,0.0,8.3,21.2,1
2020-05-30 18:50:00,0.0,9.9,15.1,0
2020-05-31 02:22:00,0.0,5.9,12.2,0
2020-05-31 02:37:00,0.0,4.8,7.6,0
2020-05-31 03:13:00,0.0,7.2,15.1,0
2020-05-31 04:11:00,0.0,11.2,15.5,1
2020-05-31 08:34:00,0.0,8.9,18.7,1
2020-05-31 12:25:00,0.0,7.9,22.7,3
2020-05-31 13:13:00,0.0,5.1,18.7,3
2020-05-31 14:21:00,0.0,7.6,21.2,3
2020-05-31 18:02:00,0.0,9.7,11.5,0
2020-05-31 18:51:00,0.0,8.0,16.2,0
2020-05-31 19:09:00,0.0,8.8,12.2,0
2020-05-31 19:36:00,0.0,10.2,16.9,0
2020-05-31 20:55:00,0.0,4.9,6.5,3
2020-05-31 21:28:00,0.0,2.7,5.4,0
2020-05-31 22:53:00,0.0,6.6,10.8,0
2020-06-01 06:32:00,0.0,7.8,13.7,1
2020-06-01 06:33:00,0.0,10.0,18.4,0
2020-06-01 08:08:00,0.0,11.0,19.4,0
2020-06-01 09:20:00,0.0,11.2,24.5,0
2020-06-01 12:20:00,0.0,10.5,27.4,0
2020-06-01 13:13:00,0.0,2.3,14.0,3
2020-06-01 14:07:00,0.0,12.7,30.2,0
2020-06-01 16:58:00,0.0,1.4,8.3,3
2020-06-01 17:00:00,0.0,5.2,6.5,2
2020-06-01 17:39:00,0.0,5.5,15.1,0
2020-06-01 18:03:00,0.0,8.2,13.7,0
2020-06-01 18:42:00,0.0,10.8,12.6,0
2020-06-01 18:43:00,0.0,7.4,11.9,0
2020-06-01 18:45:00,0.0,7.4,11.9,0
2020-06-01 18:51:00,0.0,7.4,11.9,0
2020-06-01 18:56:00,0.0,8.6,10.1,0
2020-06-01 20:08:00,0.0,8.4,14.4,0
2020-06-01 21:16:00,0.0,7.9,16.9,1
2020-06-01 21:52:00,0.0,5.4,13.0,0
2020-06-02 00:20:00,0.0,7.0,8.6,2
2020-06-02 00:37:00,0.0,7.7,11.2,0
2020-06-02 02:08:00,0.0,8.8,15.5,1
2020-06-02 07:05:00,0.0,8.4,15.1,3
2020-06-02 08:05:00,0.0,6.5,14.8,0
2020-06-02 09:58:00,0.0,3.1,11.9,0
2020-06-02 11:48:00,0.0,8.9,24.8,0
2020-06-02 13:12:00,0.0,9.0,23.0,0
2020-06-02 16:05:00,0.0,5.4,17.3,0
2020-06-02 16:06:00,0.0,5.4,17.3,0
2020-06-02 16:28:00,0.0,5.9,17.3,0
2020-06-02 16:48:00,0.3,6.2,15.1,51
2020-06-02 18:21:00,1.1,3.7,13.3,55
2020-06-02 18:26:00,0.3,7.1,15.8,51
2020-06-02 19:11:00,0.1,5.6,13.0,51
2020-06-02 19:59:00,0.1,4.0,10.4,51
2020-06-02 20:30:00,0.0,4.3,6.1,0
2020-06-02 20:55:00,0.2,6.6,13.7,51
2020-06-02 20:56:00,0.0,4.0,7.2,3
2020-06-02 21:17:00,0.0,2.3,8.3,3
2020-06-02 22:38:00,0.1,1.8,5.8,51
2020-06-03 01:21:00,0.5,3.2,6.8,53
2020-06-03 10:32:00,0.0,6.9,20.2,1
2020-06-03 12:36:00,0.0,3.8,16.9,1
2020-06-03 13:26:00,0.0,6.2,19.4,3
2020-06-03 14:52:00,0.0,6.8,17.6,3
2020-06-03 15:08:00,0.0,5.0,14.8,2
2020-06-03 18:14:00,0.0,6.6,14.8,1
2020-06-03 18:20:00,0.0,6.6,14.8,1
2020-06-03 18:33:00,0.0,6.6,14.8,1
2020-06-03 19:20:00,0.0,10.9,17.6,0
2020-06-03 19:48:00,0.0,10.9,17.6,0
2020-06-03 20:46:00,0.0,9.4,17.3,3
2020-06-04 03:48:00,0.0,11.0,22.3,2
2020-06-04 05:13:00,0.0,11.4,21.6,2
2020-06-04 05:20:00,0.0,11.4,21.6,2
2020-06-04 06:48:00,0.0,15.8,30.6,2
2020-06-04 09:49:00,0.0,11.6,25.9,0
2020-06-04 10:05:00,0.0,11.1,25.9,1
2020-06-04 11:35:00,0.0,9.4,26.6,0
2020-06-04 16:01:00,0.0,7.8,17.6,1
2020-06-04 18:01:00,0.0,12.1,20.9,2
2020-06-04 21:42:00,0.0,15.6,25.9,2
2020-06-05 01:04:00,0.1,11.2,19.1,51
2020-06-05 05:18:00,0.2,4.1,12.6,51
2020-06-05 05:43:00,0.4,14.0,25.9,51
2020-06-05 05:48:00,0.5,12.1,22.3,53
2020-06-05 06:08:00,0.2,4.7,10.1,51
2020-06-05 07:32:00,1.2,4.9,9.4,55
2020-06-05 07:34:00,1.2,4.9,9.4,55
2020-06-05 09:24:00,0.1,4.0,18.0,51
2020-06-05 09:44:00,0.2,5.0,14.0,51
2020-06-05 10:40:00,0.0,11.2,25.9,1
2020-06-05 10:51:00,0.1,7.2,19.1,51
2020-06-05 10:54:00,0.2,5.9,16.2,51
2020-06-05 11:28:00,0.0,12.2,29.5,3
2020-06-05 15:29:00,0.0,5.6,19.4,3
2020-06-05 15:44:00,0.0,10.1,23.0,3
2020-06-05 17:16:00,0.3,4.1,13.7,51
2020-06-05 19:22:00,0.0,5.7,11.9,0
2020-06-05 20:12:00,0.0,6.8,10.8,2
2020-06-06 02:15:00,0.0,12.6,20.9,3
2020-06-06 04:32:00,0.0,15.9,28.1,3
2020-06-06 07:28:00,0.0,12.2,22.7,3
2020-06-06 08:53:00,0.0,14.5,27.0,3
2020-06-06 09:03:00,0.0,12.3,27.4,3
2020-06-06 09:15:00,0.0,10.9,23.8,3
2020-06-06 10:43:00,0.0,10.5,25.2,3
2020-06-06 12:55:00,0.0,19.3,52.6,3
2020-06-06 14:29:00,0.0,10.0,25.2,3
2020-06-06 17:07:00,0.0,5.9,21.6,3
2020-06-06 18:55:00,0.0,7.4,26.6,3
2020-06-06 19:35:00,0.0,8.9,16.2,1
2020-06-06 21:18:00,0.0,5.8,20.5,3
2020-06-06 21:26:00,0.0,3.5,17.3,3
2020-06-06 21:52:00,0.1,6.6,12.2,51
2020-06-07 00:56:00,0.1,6.2,22.3,51
2020-06-07 02:46:00,0.1,15.1,29.9,51
2020-06-07 04:09:00,3.8,5.1,27.7,63
2020-06-07 05:10:00,0.4,16.7,39.2,51
2020-06-07 06:30:00,0.4,8.2,29.2,51
2020-06-07 06:47:00,0.0,6.9,11.5,1
2020-06-07 06:50:00,0.2,9.2,29.5,51
2020-06-07 07:25:00,0.4,7.6,33.5,51
2020-06-07 08:32:00,0.6,9.9,32.4,53
2020-06-07 13:15:00,0.0,12.5,25.6,2
2020-06-07 17:41:00,0.3,1.8,10.8,51
2020-06-07 19:25:00,0.0,5.1,7.6,1
2020-06-07 22:13:00,0.0,5.0,9.0,0
2020-06-08 07:12:00,0.0,6.1,9.4,1
2020-06-08 07:22:00,0.0,6.1,9.4,1
2020-06-08 13:22:00,0.0,1.1,13.7,1
2020-06-08 17:35:00,0.0,1.3,16.2,1
2020-06-08 17:53:00,0.0,4.2,29.2,1
2020-06-08 17:58:00,0.0,1.4,11.5,0
2020-06-08 18:25:00,0.0,2.3,3.2,2
2020-06-08 19:00:00,0.0,5.1,8.6,0
2020-06-08 22:41:00,0.0,5.3,8.6,1
2020-06-09 04:33:00,0.0,6.5,15.5,0
2020-06-09 06:25:00,0.0,7.0,11.2,1
2020-06-09 07:16:00,0.0,7.3,13.3,2
2020-06-09 09:40:00,0.0,3.8,11.2,0
2020-06-09 12:12:00,0.0,10.7,26.3,2
2020-06-09 12:32:00,0.0,9.6,25.9,3
2020-06-09 14:23:00,1.0,10.2,25.9,55
2020-06-09 15:37:00,0.0,6.8,28.4,3
2020-06-09 15:52:00,0.0,10.3,27.0,2
2020-06-09 17:56:00,0.0,4.0,16.9,3
2020-06-09 18:19:00,0.0,8.6,16.9,3
2020-06-09 19:48:00,0.0,8.0,15.1,3
2020-06-09 21:17:00,0.0,5.4,14.0,3
2020-06-09 21:32:00,0.0,5.6,13.3,3
2020-06-09 22:50:00,0.0,5.9,10.4,2
2020-06-10 03:10:00,0.0,4.7,7.2,3
2020-06-10 05:54:00,0.0,10.6,18.0,0
2020-06-10 06:52:00,0.0,9.0,17.6,3
2020-06-10 13:43:00,0.0,13.0,35.3,1
2020-06-10 13:59:00,0.3,20.2,49.0,51
2020-06-10 15:00:00,0.3,9.4,45.4,51
2020-06-10 15:15:00,0.0,10.8,30.6,3
2020-06-10 18:53:00,0.0,8.9,11.5,1
2020-06-10 19:08:00,0.0,8.0,17.6,1
2020-06-10 22:44:00,0.0,8.5,15.8,2
2020-06-11 05:17:00,0.0,6.7,10.8,0
2020-06-11 06:11:00,0.0,7.4,10.4,0
2020-06-11 09:04:00,0.0,6.4,18.0,0
2020-06-11 10:05:00,0.0,18.5,39.2,0
2020-06-11 15:07:00,0.0,5.2,17.6,2
2020-06-11 15:37:00,0.0,10.7,27.7,2
2020-06-11 16:01:00,0.0,12.8,38.2,1
2020-06-11 16:17:00,0.0,4.3,16.6,3
2020-06-11 16:32:00,0.0,9.2,25.2,0
2020-06-11 17:25:00,0.0,7.1,26.3,0
2020-06-11 17:44:00,0.0,5.3,20.9,1
2020-06-11 20:28:00,0.0,6.1,11.5,0
2020-06-11 23:14:00,0.0,4.0,5.8,1
2020-06-11 23:18:00,0.0,7.7,11.2,2
2020-06-12 03:16:00,0.0,6.5,11.5,3
2020-06-12 09:37:00,0.0,7.4,18.4,3
2020-06-12 14:38:00,0.0,3.8,13.7,3
2020-06-12 15:14:00,0.0,7.0,19.1,3
2020-06-12 15:15:00,0.0,5.8,16.9,3
2020-06-12 15:24:00,0.0,6.9,21.2,3
2020-06-12 15:48:00,0.0,7.0,19.1,3
2020-06-12 16:19:00,0.0,3.3,12.2,3
2020-06-12 17:58:00,0.0,4.5,14.0,2
2020-06-12 18:03:00,0.0,8.2,12.2,2
2020-06-12 18:19:00,0.0,8.2,12.2,2
2020-06-12 19:24:00,0.0,5.4,7.2,1
2020-06-12 20:12:00,0.0,3.1,7.2,2
2020-06-12 20:31:00,0.0,6.4,9.0,0
2020-06-13 06:07:00,0.0,6.8,13.3,0
2020-06-13 07:26:00,0.0,7.7,12.2,3
2020-06-13 15:36:00,0.0,7.6,19.1,1
2020-06-13 16:05:00,0.0,8.1,20.5,0
2020-06-13 16:30:00,0.0,7.3,22.3,2
2020-06-13 17:04:00,0.0,5.0,18.4,1
2020-06-13 19:31:00,0.0,9.6,14.0,1
2020-06-13 19:36:00,0.0,8.8,11.2,0
2020-06-13 20:50:00,0.0,5.5,11.9,0
2020-06-13 21:43:00,0.0,7.9,8.3,0
2020-06-13 21:52:00,0.0,8.9,8.3,0
2020-06-13 22:58:00,0.0,8.7,14.8,0
2020-06-14 00:59:00,0.0,19.4,35.3,3
2020-06-14 09:29:00,0.1,18.7,39.6,51
2020-06-14 11:57:00,0.5,20.9,43.9,53
2020-06-14 13:32:00,0.0,30.8,59.0,2
2020-06-14 15:01:00,0.0,14.8,33.5,1
2020-06-14 15:45:00,0.0,16.6,36.7,0
2020-06-14 16:02:00,0.0,14.2,31.3,1
2020-06-14 18:10:00,0.0,7.7,17.3,1
2020-06-14 19:35:00,0.0,17.1,36.4,1
2020-06-14 19:55:00,0.0,15.3,24.5,1
2020-06-14 23:43:00,0.0,25.5,51.1,1
2020-06-15 01:04:00,0.0,13.9,26.3,0
2020-06-15 05:10:00,0.0,12.2,25.6,0
2020-06-15 06:23:00,0.0,15.9,27.7,1
2020-06-15 07:59:00,0.0,17.0,34.6,0
2020-06-15 13:21:00,0.0,8.8,23.0,0
2020-06-15 17:03:00,0.0,15.3,26.6,0
2020-06-15 19:01:00,0.0,19.4,33.8,0
2020-06-16 06:42:00,0.0,11.9,22.0,0
2020-06-16 08:31:00,0.0,10.6,23.4,1
2020-06-16 10:01:00,0.0,15.2,33.8,0
2020-06-16 12:26:00,0.0,10.9,27.4,1
2020-06-16 16:33:00,0.0,8.7,18.7,2
2020-06-16 17:14:00,0.0,9.2,25.2,0
2020-06-17 00:06:00,0.0,11.2,22.3,0
2020-06-17 00:56:00,0.0,9.1,18.7,0
2020-06-17 04:41:00,0.0,12.6,22.3,3
2020-06-17 06:23:00,0.0,13.4,23.0,3
2020-06-17 06:45:00,0.0,8.0,17.6,0
2020-06-17 07:14:00,0.0,13.7,25.9,0
2020-06-17 09:40:00,0.0,11.0,28.1,0
2020-06-17 14:04:00,0.0,7.3,20.5,0
2020-06-17 15:45:00,0.0,9.7,22.7,0
2020-06-17 16:13:00,0.0,17.8,35.6,3
2020-06-17 16:50:00,0.0,8.7,20.2,1
2020-06-17 18:00:00,0.0,14.4,28.8,0
2020-06-17 20:08:00,0.0,11.2,19.1,0
2020-06-17 20:15:00,0.0,10.8,20.5,0
2020-06-17 21:21:00,0.0,11.9,23.8,0
2020-06-17 22:21:00,0.0,9.4,18.4,0
2020-06-18 07:25:00,0.0,13.9,23.8,1
2020-06-18 08:57:00,0.0,15.2,26.3,0
2020-06-18 12:23:00,0.0,16.8,37.4,2
2020-06-18 14:27:00,0.0,16.0,33.8,1
2020-06-18 16:22:00,0.0,13.7,29.9,3
2020-06-18 17:22:00,0.0,4.9,18.7,2
2020-06-18 20:56:00,0.0,10.5,20.5,3
2020-06-18 21:20:00,0.0,8.1,14.0,2
2020-06-19 03:37:00,0.0,7.6,15.5,3
2020-06-19 05:44:00,0.0,7.6,14.4,3
2020-06-19 06:34:00,0.0,11.8,25.2,2
2020-06-19 07:49:00,0.0,10.5,17.3,2
2020-06-19 10:22:00,0.0,2.3,12.2,0
2020-06-19 11:38:00,0.0,6.8,19.4,0
2020-06-19 12:52:00,0.0,12.3,28.4,0
2020-06-19 13:10:00,0.0,14.8,33.8,0
2020-06-19 14:10:00,0.0,15.4,33.8,0
2020-06-19 18:07:00,0.0,9.9,12.6,0
2020-06-19 19:51:00,0.0,11.8,13.7,0
2020-06-19 20:32:00,0.0,6.6,11.2,1
2020-06-19 21:16:00,0.0,8.2,13.0,0
2020-06-20 06:18:00,0.0,6.9,15.1,0
2020-06-20 11:54:00,0.0,16.0,35.6,1
2020-06-20 13:05:00,0.0,7.2,22.3,0
2020-06-20 14:58:00,0.0,6.8,20.5,0
2020-06-20 16:11:00,0.0,8.4,26.3,0
2020-06-20 16:16:00,0.0,7.9,24.8,0
2020-06-20 17:42:00,0.0,5.9,21.2,0
2020-06-20 20:58:00,0.0,2.5,5.8,0
2020-06-20 21:21:00,0.0,5.5,8.6,0
2020-06-20 22:48:00,0.0,6.2,9.4,0
2020-06-21 00:30:00,0.0,9.3,12.2,0
2020-06-21 02:58:00,0.0,6.5,13.7,0
2020-06-21 07:47:00,0.0,6.7,9.0,0
2020-06-21 07:49:00,0.0,4.5,7.9,1
2020-06-21 09:45:00,0.0,8.8,21.6,0
2020-06-21 13:58:00,0.0,17.1,37.4,1
2020-06-21 15:12:00,0.0,14.4,31.3,0
2020-06-21 18:14:00,0.0,9.1,13.3,0
2020-06-21 18:21:00,0.0,11.6,15.8,0
2020-06-21 20:49:00,0.0,10.7,14.8,0
2020-06-21 21:43:00,0.0,6.7,19.4,0
2020-06-21 22:03:00,0.0,8.4,15.1,0
2020-06-22 01:49:00,0.0,9.1,16.9,2
2020-06-22 04:44:00,0.0,6.4,10.4,0
2020-06-22 06:22:00,0.0,7.0,14.4,0
2020-06-22 06:46:00,0.0,6.3,11.2,0
2020-06-22 09:09:00,0.0,5.0,16.6,0
2020-06-22 10:23:00,0.0,11.0,25.6,0
2020-06-22 12:11:00,0.0,8.5,25.6,0
2020-06-22 16:53:00,0.0,6.0,17.3,0
2020-06-22 18:44:00,0.0,9.7,11.5,0
2020-06-22 21:39:00,0.0,4.9,8.3,3
2020-06-23 02:14:00,0.0,9.1,12.2,1
2020-06-23 04:47:00,0.0,6.9,10.4,3
2020-06-23 05:12:00,0.0,8.7,15.8,3
2020-06-23 06:29:00,0.0,8.3,16.6,3
2020-06-23 07:39:00,0.0,8.7,16.9,0
2020-06-23 11:05:00,0.0,10.2,27.0,3
2020-06-23 13:23:00,0.0,8.0,24.5,3
2020-06-23 13:56:00,0.0,10.9,27.7,3
2020-06-23 14:01:00,0.0,7.3,21.2,3
2020-06-23 18:55:00,0.0,7.6,14.0,3
2020-06-23 19:31:00,0.0,7.5,14.0,3
2020-06-23 20:01:00,0.0,5.5,5.8,3
2020-06-23 20:24:00,0.0,5.5,5.8,3
2020-06-24 14:00:00,0.0,12.9,32.0,3
2020-06-24 14:04:00,0.0,17.8,40.7,3
2020-06-24 14:18:00,0.0,16.1,37.4,3
2020-06-24 16:03:00,0.0,13.9,30.2,3
2020-06-24 18:11:00,0.0,8.7,15.8,2
2020-06-25 05:45:00,0.0,6.5,8.6,3
2020-06-25 06:44:00,0.0,14.4,24.8,3
2020-06-25 09:00:00,0.0,10.3,27.0,2
2020-06-25 12:49:00,0.0,14.3,32.0,2
2020-06-25 13:19:00,0.0,21.7,42.8,3
2020-06-25 13:23:00,0.0,17.0,37.8,2
2020-06-25 14:55:00,0.0,17.8,39.2,2
2020-06-25 15:19:00,0.0,21.5,47.5,3
2020-06-25 18:26:00,0.0,11.6,22.7,3
2020-06-25 22:39:00,0.0,9.2,20.9,3
2020-06-26 02:12:00,0.0,5.9,11.5,3
2020-06-26 03:19:00,0.0,7.6,14.0,1
2020-06-26 05:45:00,0.1,7.0,11.5,51
2020-06-26 06:27:00,0.0,3.7,9.0,3
2020-06-26 07:10:00,0.0,8.5,13.7,3
2020-06-26 07:48:00,0.0,7.2,11.9,3
2020-06-26 10:34:00,0.0,3.5,14.4,1
2020-06-26 13:06:00,0.0,6.2,20.2,0
2020-06-26 17:36:00,0.2,16.1,29.5,51
2020-06-26 18:51:00,0.9,15.7,25.9,53
2020-06-26 19:36:00,0.0,7.3,13.3,1
2020-06-26 19:55:00,1.1,20.4,36.0,55
2020-06-26 21:02:00,2.6,19.9,36.7,63
2020-06-26 21:54:00,2.3,17.1,29.9,61
2020-06-26 22:36:00,1.3,19.7,35.6,61
2020-06-26 22:42:00,1.3,19.7,35.6,61
2020-06-26 23:17:00,0.7,16.3,34.9,53
2020-06-27 06:13:00,0.2,10.7,22.0,51
2020-06-27 06:25:00,0.2,11.6,22.7,51
2020-06-27 07:55:00,0.0,8.9,13.3,1
2020-06-27 11:34:00,0.2,19.6,39.6,51
2020-06-27 11:49:00,3.9,21.2,48.6,63
2020-06-27 13:03:00,0.9,13.7,37.1,53
2020-06-27 14:10:00,0.3,12.8,27.0,51
2020-06-27 14:18:00,0.3,13.2,32.4,51
2020-06-27 14:19:00,0.7,21.1,38.5,53
2020-06-27 14:32:00,0.3,13.2,32.4,51
2020-06-27 14:37:00,0.7,21.1,38.5,53
2020-06-27 15:06:00,0.0,8.4,27.0,3
2020-06-27 19:31:00,0.0,11.4,20.9,3
2020-06-27 21:04:00,0.0,4.7,11.9,3
2020-06-27 22:32:00,0.0,5.4,9.0,3
2020-06-28 00:39:00,0.0,10.1,19.1,3
2020-06-28 11:51:00,0.0,16.0,32.8,3
2020-06-28 20:57:00,0.0,13.3,25.9,0
2020-06-28 21:13:00,0.0,16.1,27.0,0
2020-06-29 04:08:00,0.0,23.8,42.8,0
2020-06-29 07:39:00,0.0,11.9,23.8,3
2020-06-29 10:36:00,0.0,14.2,33.1,3
2020-06-29 11:39:00,0.0,11.4,24.8,3
2020-06-29 14:28:00,0.0,13.8,34.6,3
2020-06-29 15:29:00,0.0,14.9,35.3,3
2020-06-29 15:46:00,0.0,13.5,31.7,3
2020-06-29 19:04:00,0.0,10.1,16.9,0
2020-06-29 19:29:00,0.0,16.1,31.0,3
2020-06-29 20:00:00,0.0,10.6,20.5,1
2020-06-30 07:11:00,0.0,16.4,32.8,2
2020-06-30 08:22:00,0.0,18.5,33.8,3
2020-06-30 11:08:00,0.0,18.4,44.3,2
2020-06-30 11:08:00,0.0,16.6,36.4,3
2020-06-30 16:54:00,0.0,21.5,47.5,2
2020-06-30 16:58:00,0.0,21.0,55.1,1
2020-06-30 18:21:00,0.0,18.5,52.6,3
2020-06-30 19:45:00,0.0,9.7,35.3,2
2020-07-01 05:44:00,0.0,18.9,37.1,3
2020-07-01 06:49:00,0.0,15.6,33.5,3
2020-07-01 07:32:00,0.0,13.9,28.4,3
2020-07-01 07:58:00,0.0,14.5,30.2,3
2020-07-01 08:04:00,1.7,16.3,38.9,61
2020-07-01 08:16:00,1.2,14.9,36.0,55
2020-07-01 09:31:00,0.0,23.8,47.5,2
2020-07-01 14:33:00,0.0,23.2,45.0,1
2020-07-01 15:00:00,0.0,23.3,52.9,0
2020-07-01 15:53:00,0.0,26.1,47.2,1
2020-07-01 16:08:00,0.0,16.8,33.5,0
2020-07-01 17:22:00,0.0,13.6,37.4,0
2020-07-01 17:49:00,0.0,12.5,31.7,0
2020-07-01 20:15:00,0.0,7.9,14.4,0
2020-07-02 00:29:00,0.0,8.3,11.5,0
2020-07-02 09:32:00,0.0,2.4,13.7,0
2020-07-02 12:27:00,0.0,6.1,17.6,0
2020-07-02 13:54:00,0.0,5.9,19.1,0
2020-07-02 14:33:00,0.0,4.8,17.3,0
2020-07-02 15:03:00,0.0,9.3,23.8,0
2020-07-02 16:41:00,0.0,8.2,18.4,0
2020-07-02 22:15:00,0.0,8.5,15.5,2
2020-07-03 00:37:00,0.0,5.9,13.7,0
2020-07-03 02:36:00,0.0,5.9,10.1,0
2020-07-03 06:49:00,0.0,4.3,5.8,3
2020-07-03 06:50:00,0.0,5.7,7.6,0
2020-07-03 08:40:00,0.0,2.5,8.3,0
2020-07-03 08:44:00,0.0,4.7,12.2,3
2020-07-03 09:56:00,0.0,1.5,11.2,0
2020-07-03 13:27:00,0.0,7.2,23.4,0
2020-07-03 16:48:00,0.0,0.7,10.8,0
2020-07-03 20:03:00,0.0,13.0,27.4,3
2020-07-03 21:33:00,0.0,18.5,29.5,0
2020-07-03 22:27:00,0.0,15.5,26.6,0
2020-07-03 23:05:00,0.0,11.5,22.0,0
2020-07-03 23:44:00,0.0,5.9,13.0,0
2020-07-04 06:56:00,0.0,9.6,11.5,0
2020-07-04 07:03:00,0.0,5.4,10.8,3
2020-07-04 10:44:00,0.0,3.8,14.8,0
2020-07-04 14:41:00,0.0,9.3,24.1,0
2020-07-04 15:09:00,0.0,7.4,22.3,0
2020-07-04 17:35:00,0.0,6.3,12.2,0
2020-07-04 20:28:00,0.0,9.1,12.6,0
2020-07-04 22:32:00,0.0,6.6,11.2,0
2020-07-05 04:47:00,0.0,7.8,12.2,2
2020-07-05 08:44:00,0.0,8.8,15.5,2
2020-07-05 10:00:00,0.0,8.3,18.0,2
2020-07-05 11:46:00,0.0,10.0,23.8,2
2020-07-05 11:53:00,0.0,11.0,22.0,2
2020-07-05 18:19:00,0.0,8.4,13.7,1
2020-07-05 23:34:00,0.0,8.1,14.4,0
2020-07-06 01:40:00,0.0,5.9,13.7,0
2020-07-06 04:28:00,0.0,3.7,5.4,0
2020-07-06 04:39:00,0.0,4.6,9.4,0
2020-07-06 07:41:00,0.0,11.4,22.0,0
2020-07-06 16:16:00,0.0,5.6,16.6,2
2020-07-06 16:37:00,0.0,0.8,12.2,1
2020-07-06 17:41:00,0.0,4.4,10.4,1
2020-07-06 19:01:00,0.0,11.2,19.4,2
2020-07-06 20:44:00,0.0,6.5,10.4,0
2020-07-06 21:37:00,0.0,14.1,15.8,1
2020-07-06 21:37:00,0.0,18.6,29.2,1
2020-07-06 21:46:00,0.0,18.6,29.2,1
2020-07-06 22:53:00,0.0,12.0,25.2,1
2020-07-06 23:02:00,0.0,5.7,10.4,0
2020-07-07 00:48:00,0.0,15.3,29.2,0
2020-07-07 06:17:00,0.0,4.0,8.3,0
2020-07-07 10:30:00,0.0,9.4,23.0,0
2020-07-07 10:37:00,0.0,11.4,29.5,0
2020-07-07 11:32:00,0.0,12.6,29.5,0
2020-07-07 13:25:00,0.0,15.3,34.2,0
2020-07-07 13:32:00,0.0,14.3,34.2,0
2020-07-07 13:59:00,0.0,15.9,37.8,0
2020-07-07 17:08:00,0.0,5.5,23.8,0
2020-07-07 17:54:00,0.0,11.4,28.1,0
2020-07-07 18:22:00,0.0,10.2,22.7,0
2020-07-07 18:55:00,0.0,9.2,16.6,0
2020-07-08 06:11:00,0.0,13.8,25.9,3
2020-07-08 11:35:00,0.0,20.3,43.9,3
2020-07-08 11:55:00,0.0,19.8,42.5,3
2020-07-08 18:10:00,0.0,11.1,27.0,2
2020-07-08 19:31:00,0.0,8.4,19.1,2
2020-07-08 19:39:00,0.0,11.0,25.9,1
2020-07-08 19:45:00,0.0,9.9,19.4,1
2020-07-08 19:52:00,0.0,9.1,13.3,0
2020-07-08 21:46:00,0.0,7.7,13.0,1
2020-07-08 23:56:00,0.0,7.8,16.6,0
2020-07-09 05:07:00,0.0,4.3,8.6,3
2020-07-09 06:59:00,0.1,4.1,7.6,51
2020-07-09 07:03:00,0.0,11.2,23.4,1
2020-07-09 07:59:00,0.1,3.7,4.7,51
2020-07-09 08:14:00,0.1,5.6,30.6,51
2020-07-09 08:19:00,0.1,4.3,33.8,51
2020-07-09 09:47:00,0.0,4.5,11.5,1
2020-07-09 23:43:00,0.0,7.8,11.2,1
2020-07-10 07:59:00,0.0,10.0,18.4,0
2020-07-10 09:34:00,0.0,5.5,16.2,0
2020-07-10 12:03:00,0.0,1.8,13.3,0
2020-07-10 13:00:00,0.0,4.7,16.9,1
2020-07-10 13:58:00,0.0,6.2,21.6,0
2020-07-10 13:59:00,0.0,5.0,18.7,0
2020-07-10 14:22:00,0.0,7.0,21.6,0
2020-07-10 14:41:00,0.0,2.9,14.4,2
2020-07-10 16:15:00,0.0,6.9,18.4,3
2020-07-10 18:25:00,0.0,5.9,10.8,3
2020-07-10 18:34:00,0.0,7.9,15.1,1
2020-07-10 18:40:00,0.0,6.8,11.2,3
2020-07-10 18:46:00,0.0,9.4,24.1,2
2020-07-10 18:57:00,0.0,9.7,22.0,1
2020-07-10 19:14:00,0.0,8.9,13.7,0
2020-07-10 21:22:00,0.0,15.5,31.3,1
2020-07-10 22:08:00,0.0,6.3,12.6,3
2020-07-10 22:09:00,0.0,8.1,10.1,1
2020-07-11 06:23:00,0.0,5.9,16.9,0
2020-07-11 07:52:00,0.0,8.6,16.6,0
2020-07-11 09:13:00,0.0,15.0,32.4,0
2020-07-11 10:12:00,0.0,16.0,33.5,0
2020-07-11 15:18:00,0.0,16.1,38.2,1
2020-07-11 16:20:00,0.0,14.6,31.0,2
2020-07-11 18:30:00,0.0,5.7,7.9,3
2020-07-11 21:08:00,0.0,6.4,16.9,3
2020-07-11 21:55:00,0.0,7.6,14.0,3
2020-07-11 23:58:00,0.0,12.6,20.9,0
2020-07-12 02:18:00,0.0,8.9,16.2,0
2020-07-12 12:45:00,0.0,16.5,34.9,2
2020-07-12 18:34:00,0.0,8.7,16.6,1
2020-07-12 20:30:00,0.0,9.9,13.0,0
2020-07-12 21:38:00,0.0,9.7,19.1,0
2020-07-12 21:50:00,0.0,9.7,11.2,0
2020-07-12 23:58:00,0.0,2.5,4.3,3
2020-07-13 07:59:00,0.0,12.5,21.2,0
2020-07-13 13:36:00,0.0,9.8,26.3,3
2020-07-13 14:12:00,0.0,12.0,26.3,1
2020-07-13 14:33:00,0.0,10.5,24.8,2
2020-07-13 19:50:00,0.0,10.0,12.2,0
2020-07-14 06:29:00,0.0,1.8,6.8,1
2020-07-14 06:37:00,0.0,5.1,9.7,0
2020-07-14 09:47:00,0.0,22.1,37.1,1
2020-07-14 10:23:00,0.9,12.0,36.7,53
2020-07-14 12:05:00,0.0,13.0,36.4,0
2020-07-14 14:17:00,0.0,9.8,25.9,1
2020-07-14 16:59:00,0.0,12.6,28.1,1
2020-07-14 23:49:00,0.0,10.0,18.7,0
2020-07-15 00:07:00,0.0,11.3,24.1,0
2020-07-15 03:46:00,0.0,11.9,21.6,0
2020-07-15 06:39:00,0.0,17.8,33.5,0
2020-07-15 10:41:00,0.0,8.6,23.8,0
2020-07-15 12:48:00,0.0,3.7,20.2,0
2020-07-15 14:22:00,0.0,10.2,27.0,0
2020-07-15 15:49:00,0.0,9.0,24.1,0
2020-07-15 18:11:00,0.0,22.3,41.4,0
2020-07-15 18:22:00,0.0,9.4,21.6,0
2020-07-15 18:25:00,0.0,16.8,34.9,3
2020-07-16 05:21:00,0.0,17.0,34.9,3
2020-07-16 05:57:00,0.0,5.6,10.8,0
2020-07-16 13:11:00,0.0,8.6,26.6,0
2020-07-16 14:07:00,0.0,7.2,24.1,0
2020-07-16 15:13:00,0.0,4.7,18.4,0
2020-07-16 17:21:00,0.0,1.5,12.6,0
2020-07-16 18:19:00,0.0,2.3,3.6,1
2020-07-16 18:47:00,0.0,6.1,11.2,2
2020-07-16 19:51:00,0.0,6.1,13.0,0
2020-07-16 20:14:00,0.0,7.9,11.5,1
2020-07-16 21:58:00,0.0,5.8,18.7,2
2020-07-17 00:08:00,0.0,6.0,13.7,1
2020-07-17 06:19:00,0.0,3.2,8.6,1
2020-07-17 10:53:00,0.0,3.2,13.7,1
2020-07-17 11:22:00,0.0,12.6,31.0,0
2020-07-17 13:43:00,0.0,7.4,22.3,2
2020-07-17 16:50:00,0.0,3.3,13.3,1
2020-07-17 16:53:00,0.0,7.3,22.3,3
2020-07-17 17:38:00,0.0,4.0,14.4,2
2020-07-17 18:01:00,0.0,5.6,9.4,2
2020-07-17 18:45:00,0.0,5.4,11.2,2
2020-07-17 19:04:00,0.0,5.2,7.9,3
2020-07-17 19:17:00,0.0,5.2,9.7,2
2020-07-17 23:12:00,0.0,7.4,16.6,0
2020-07-17 23:36:00,0.0,7.4,16.6,0
2020-07-18 08:14:00,0.0,9.8,19.4,0
2020-07-18 11:04:00,0.0,5.4,19.4,0
2020-07-18 17:29:00,0.0,8.7,21.6,0
2020-07-18 20:16:00,0.0,11.6,21.2,0
2020-07-18 21:13:00,0.0,10.6,26.6,0
2020-07-18 21:25:00,0.0,9.2,14.4,0
2020-07-18 22:53:00,0.0,6.4,17.6,0
2020-07-18 22:57:00,0.0,13.9,23.0,0
2020-07-19 00:45:00,0.0,7.3,11.2,0
2020-07-19 00:48:00,0.0,11.0,22.7,0
2020-07-19 01:57:00,0.0,5.9,9.7,1
2020-07-19 03:13:00,0.0,10.6,20.5,0
2020-07-19 07:43:00,0.0,6.9,11.9,0
2020-07-19 17:50:00,0.0,1.0,11.5,0
2020-07-19 18:34:00,0.0,9.0,10.8,0
2020-07-19 19:02:00,0.0,11.6,24.8,0
2020-07-19 19:19:00,0.0,1.9,2.5,0
2020-07-19 19:35:00,0.0,7.4,12.2,0
2020-07-19 19:57:00,0.0,11.3,20.9,0
2020-07-19 21:44:00,0.0,14.1,29.9,0
2020-07-20 05:13:00,0.0,10.5,17.6,0
2020-07-20 16:26:00,0.0,10.8,27.4,0
2020-07-20 20:30:00,0.0,8.3,16.9,0
2020-07-20 21:14:00,0.0,1.9,14.0,0
2020-07-20 21:16:00,0.0,1.9,14.0,0
2020-07-20 21:25:00,0.0,1.9,14.0,0
2020-07-20 21:29:00,0.0,1.9,14.0,0
2020-07-20 23:28:00,0.0,12.7,24.8,0
2020-07-21 02:24:00,0.0,6.9,10.4,0
2020-07-21 06:29:00,0.0,6.4,12.6,0
2020-07-21 10:47:00,0.0,6.2,18.7,0
2020-07-21 12:17:00,0.0,13.4,33.1,0
2020-07-21 14:57:00,0.0,6.2,22.0,0
2020-07-21 16:57:00,0.0,6.3,21.6,0
2020-07-21 19:08:00,0.0,7.3,11.2,2
2020-07-21 19:55:00,0.0,2.9,6.1,0
2020-07-21 20:26:00,0.0,6.8,10.1,2
2020-07-21 22:08:00,0.0,7.9,11.2,3
2020-07-21 22:32:00,0.0,4.4,5.8,0
2020-07-21 23:16:00,0.0,7.3,13.3,2
2020-07-22 00:44:00,0.0,7.8,16.2,0
2020-07-22 04:05:00,0.0,5.9,9.0,1
2020-07-22 07:40:00,0.0,0.4,2.5,3
2020-07-22 08:03:00,0.0,5.8,13.0,0
2020-07-22 11:25:00,0.0,2.2,14.8,3
2020-07-22 11:26:00,0.0,4.5,18.0,0
2020-07-22 15:06:00,0.0,2.8,12.6,3
2020-07-22 16:55:00,0.0,1.5,12.2,0
2020-07-22 18:21:00,0.0,9.8,12.6,3
2020-07-22 19:42:00,0.0,8.4,15.5,3
2020-07-23 00:31:00,0.0,6.9,15.5,3
2020-07-23 04:24:00,0.0,7.2,13.3,0
2020-07-23 06:12:00,0.0,11.2,25.2,3
2020-07-23 08:20:00,0.0,13.6,26.3,3
2020-07-23 09:47:00,0.0,7.9,20.9,1
2020-07-23 10:26:00,0.0,9.4,25.6,0
2020-07-23 16:55:00,0.0,8.2,21.6,0
2020-07-23 17:25:00,0.0,3.3,11.9,0
2020-07-23 18:19:00,0.0,8.1,11.9,0
2020-07-23 21:19:00,0.0,6.0,15.5,0
2020-07-23 22:31:00,0.0,9.2,14.0,0
2020-07-23 23:18:00,0.0,7.9,13.0,0
2020-07-24 00:14:00,0.0,8.7,15.8,0
2020-07-24 00:57:00,0.0,9.5,19.1,0
2020-07-24 06:45:00,0.0,7.6,11.9,0
2020-07-24 06:45:00,0.0,9.0,16.6,0
2020-07-24 08:51:00,0.0,15.1,25.6,0
2020-07-24 10:34:00,0.0,16.6,38.5,0
2020-07-24 15:35:00,0.0,13.2,33.5,0
2020-07-24 15:52:00,0.0,14.5,33.8,0
2020-07-24 18:18:00,0.0,9.4,13.3,0
2020-07-24 21:02:00,0.0,12.0,18.4,0
2020-07-24 22:55:00,0.0,8.9,15.1,0
2020-07-25 04:30:00,0.0,9.2,18.4,0
2020-07-25 05:21:00,0.0,9.7,16.2,0
2020-07-25 05:45:00,0.0,12.5,22.0,0
2020-07-25 07:35:00,0.0,6.4,10.8,0
2020-07-25 14:44:00,0.0,16.6,42.5,0
2020-07-25 14:45:00,0.0,14.8,37.1,0
2020-07-25 17:23:00,0.0,6.4,17.6,1
2020-07-25 17:27:00,0.0,6.5,22.3,0
2020-07-25 18:40:00,0.0,7.1,8.6,1
2020-07-25 19:07:00,0.0,10.1,14.0,0
2020-07-25 19:15:00,0.0,7.9,11.9,0
2020-07-25 20:13:00,0.0,5.8,9.7,0
2020-07-25 23:24:00,0.0,21.3,41.4,3
2020-07-26 07:16:00,0.0,13.0,28.8,3
2020-07-26 07:29:00,0.0,11.5,24.1,3
2020-07-26 11:46:00,0.0,9.2,25.2,3
2020-07-26 12:03:00,0.0,11.7,29.9,2
2020-07-26 12:16:00,0.0,13.3,36.7,2
2020-07-26 14:35:00,0.0,7.1,26.3,3
2020-07-26 15:48:00,0.0,6.4,23.8,3
2020-07-26 17:41:00,0.0,15.3,27.4,1
2020-07-26 20:50:00,0.0,23.2,42.1,0
2020-07-27 05:59:00,0.0,6.2,16.6,3
2020-07-27 06:20:00,0.0,9.3,15.1,3
2020-07-27 08:06:00,0.0,11.2,19.8,2
2020-07-27 11:53:00,0.0,14.3,33.8,0
2020-07-27 14:33:00,0.0,12.3,33.1,0
2020-07-27 17:10:00,0.0,2.5,17.6,0
2020-07-27 17:18:00,0.0,5.6,24.8,0
2020-07-27 17:24:00,0.0,8.1,26.3,0
2020-07-27 17:35:00,0.0,9.0,31.0,0
2020-07-27 19:07:00,0.0,7.6,12.6,2
2020-07-27 19:13:00,0.0,9.4,19.8,1
2020-07-27 22:16:00,0.0,9.7,16.6,1
2020-07-27 23:15:00,0.0,9.7,15.1,0
2020-07-27 23:16:00,0.0,6.7,11.5,2
2020-07-28 03:32:00,0.0,12.2,24.1,0
2020-07-28 08:02:00,0.0,3.6,12.2,0
2020-07-28 09:07:00,0.0,12.4,29.9,0
2020-07-28 14:51:00,0.0,16.3,36.7,1
2020-07-28 15:04:00,0.0,16.1,38.5,2
2020-07-28 17:39:00,0.0,11.3,36.4,1
2020-07-28 18:33:00,0.0,6.4,18.7,2
2020-07-29 04:09:00,0.0,19.3,34.2,0
2020-07-29 06:57:00,0.0,12.3,27.0,3
2020-07-29 07:04:00,0.0,11.0,20.5,0
2020-07-29 07:24:00,0.0,6.2,10.4,0
2020-07-29 11:25:00,0.0,15.4,37.8,1
2020-07-29 13:36:00,0.0,10.8,28.1,0
2020-07-29 14:23:00,0.0,7.2,22.7,0
2020-07-29 16:01:00,0.0,7.3,19.8,1
2020-07-29 20:42:00,0.0,5.6,10.8,1
2020-07-29 21:19:00,0.0,21.6,43.9,1
2020-07-29 21:34:00,0.0,20.3,37.8,0
2020-07-29 23:42:00,0.0,24.3,42.8,1
2020-07-30 01:49:00,0.0,18.5,39.2,1
2020-07-30 05:04:00,0.3,17.4,36.4,51
2020-07-30 07:19:00,0.2,17.3,34.6,51
2020-07-30 09:27:00,0.1,20.7,36.4,51
2020-07-30 15:23:00,0.0,19.2,42.5,2
2020-07-30 17:23:00,0.0,19.5,42.1,0
2020-07-30 18:50:00,0.0,21.3,43.6,0
2020-07-30 23:41:00,0.0,16.8,35.6,1
2020-07-31 01:58:00,0.0,15.4,30.6,2
2020-07-31 05:29:00,0.0,17.1,33.8,3
2020-07-31 05:38:00,0.0,25.1,44.6,0
2020-07-31 10:10:00,0.0,4.4,19.8,0
2020-07-31 13:14:00,0.0,5.0,22.3,1
2020-07-31 13:53:00,0.0,5.0,22.3,1
2020-07-31 16:13:00,0.0,7.8,22.7,1
2020-07-31 16:40:00,0.0,18.3,40.7,0
2020-07-31 18:26:00,0.0,13.7,35.6,2
2020-07-31 18:57:00,0.0,13.7,35.6,2
